likejacking,like,hijacking
Intertubes,Internet,tubes
Christlam,Christianity,Islam
thusfore,thus,therefore
glasma,glass,plasma
Bremain,Britain,remain
threadjacker,thread,hijacker
irrelephant,irrelevant,elephant
sexpionage,sex,espionage
manimal,man,animal
Fanilow,fan,Manilow
bleachorexia,bleach,anorexia
Philosothon,philosophy,thon
newgrass,new,bluegrass
stfilm,stf,film
meeple,my,people
quinaphthol,quinine,naphthol
blaccent,black,accent
slimnastics,slim,gymnastics
flexisexuality,flexible,sexuality
crotonylene,crotonic,acetylene
recomember,recollect,remember
Czenglish,Czech,English
rockumentary,rock,documentary
minigarch,mini,oligarch
trustafarian,trust fund,Rastafarian
skyaking,sky,kayaking
shoppertainment,shopper,entertainment
conformer,conformational,isomer
Rubinomics,Rubin,economics
abortuary,abort,mortuary
stagflation,stagnation,inflation
minac,minimum,activity
ampersat,ampersand,at
mudflation,MUD,inflation
mathemagical,mathematical,magical
vokills,vocals,kills
magnatraction,magnet,traction
twidiot,Twitter,idiot
vog,volcanic,smog
fishapod,fish,tetrapod
tradigital,traditional,digital
moxibustion,moxa,combustion
sexpert,sex,expert
presenteeism,present,absenteeism
shart,shit,fart
lactivism,lactation,activism
apatheist,apathy,atheist
unmatchless,unmatched,matchless
manpanzee,man,chimpanzee
ecoteur,ecological,saboteur
fauxhemian,faux,Bohemian
twincestuous,twin,incestuous
pomato,tomato,potato
motelier,motel,hotelier
carabeef,carabao,beef
divershitty,diversity,shitty
multiverse,multiple,universe
Godcast,God,podcast
sarcoendoplasmic,sarcoplasmic,endoplasmic
watercise,water,exercise
prosumer,producer,consumer
CASEVAC,casualty,evacuation
thirl,throw,hurl
thumbboard,thumb,keyboard
readathon,read,marathon
twunt,twat,cunt
washeteria,wash,cafeteria
Gacrux,gamma,Crux
racino,racetrack,casino
tonguage,tongue,language
avant-garage,avant-garde,garage
folkadelic,folk,psychedelic
Robsten,Robert,Kristen
rauding,reading,auding
soysage,soy,sausage
alcotest,alcohol,test
shaleionaire,shale,millionaire
pop fly,pop-up,fly
Demoncrat,demon,democrat
autofiction,autobiography,fiction
skort,shorts,skirt
yepperoni,yep,pepperoni
kidcom,kid,sitcom
lipidome,lipid,genome
unisus,unicorn,Pegasus
concom,convention,committee
trioval,triangle,oval
protirement,pro,retirement
wussy,wimp,pussy
skewampus,askew,cattywampus
clicktivism,click,activism
treeconomics,tree,economics
slumpflation,slump,inflation
Shitcago,shit,Chicago
wilco,will,comply
fremman,fremd,man
chocnut,chocolate,peanut
Winterpeg,winter,Winnipeg
meggings,man,leggings
epigenetics,epigenesis,genetics
slithy,slimy,lithe
chairdrobe,chair,wardrobe
brocialism,bro,socialism
daffynition,daffy,definition
earcon,ear,icon
coopetitor,cooperator,competitor
transfection,trans,infection
metalbilly,metal,rockabilly
flexitarian,flexible,vegetarian
moar,more,roar
Burmilla,Burmese,chinchilla
webutation,web,reputation
aerobatics,aeronautic,acrobatics
alegar,ale,vinegar
potender,pot,bartender
metallome,metal,genome
crotoxin,Crotalus,toxin
Becrux,beta,Crux
baquote,back,quote
coopetition,cooperation,competition
mangenue,man,ingenue
millionerd,millionaire,nerd
douchebro,douchebag,dudebro
fruitique,fruit,boutique
mockito,mock,mojito
sexploration,sex,exploration
glowboy,glow,cowboy
docusoap,documentary,soap
confuzzle,confuse,puzzle
chlorodyne,chloroform,anodyne
DX-pedition,DX,expedition
avantpop,avant-garde,pop
Motown,motor,town
Labradoodle,Labrador,poodle
strimmer,string,trimmer
crafternoon,craft,afternoon
microserf,Microsoft,serf
guesstimation,guess,estimation
minimoon,mini,honeymoon
twonie,two,loonie
hatinator,hat,fascinator
rapalog,rapamycin,analog
shootie,shoe,bootie
flox,fluorine,liquid oxygen
azuresin,azure,resin
broseph,bro,Joseph
pandamonium,panda,pandemonium
oxaluramide,oxaluric,amide
yeah-huh,yeah,uh-huh
Delena,Damon,Elena
shitcom,shit,sitcom
Windoze,Windows,doze
needlestack,needle,haystack
nectaplum,nectarine,plum
Yidglish,Yiddish,English
mentastics,mental,gymnastics
schooliosis,school,scoliosis
dedentation,de,indentation
flashforward,flashback,forward
femicommie,feminist,commie
graphon,graph,function
biolistics,bio,ballistics
freegan,free,vegan
starchitecture,star,architecture
textversation,text,conversation
hunormous,huge,enormous
cruft,crust,fluff
dubtitle,dub,subtitle
outplant,out,implant
Brangelina,Brad,Angelina
ShamWow,chamois,wow
Twihard,twilight,diehard
wellderly,well,elderly
Idren,I,bredren
travelator,travel,escalator
twincestual,twin,incestual
Taiwanglish,Taiwan,English
squipper,survival,equipment
ventifact,ventilator,artifact
Obamania,Obama,mania
democratish,democratic,ish
grungy,grunt,dingy
optionaire,option,millionaire
snuzzle,snuggle,nuzzle
Texass,Texas,ass
guanase,guanine,deaminase
tug of love,tug of war,love
scanlate,scan,translate
lagger,legal,nagger
beefaroni,beef,macaroni
grindie,grime,indie
avoision,avoidance,evasion
mercurammonium,mercuric,ammonium
funtastic,fun,fantastic
lanatoside,lanata,glycoside
fudgsicle,fudge,popsicle
snazztastic,snazzy,fantastic
silicene,silicon,graphene
pornotopian,porno,utopian
infoxication,information,intoxication
burgernomics,burger,economics
permalancer,permanent,freelancer
AC72,America's Cup,72
wikiquette,wiki,etiquette
compander,compressor,expander
slawdog,coleslaw,hotdog
HUMINT,human,intelligence
manstress,man,mistress
oldcomer,old,newcomer
rotamer,rotation,isomer
positutely,positively,absolutely
buppie,black,yuppie
vacufuge,vacuum,centrifuge
zeedonk,zebra,donkey
peptidome,peptide,genome
axiverse,axion,universe
shag,shower,stag
sexperimental,sex,experimental
whooty,white,booty
Steroline,Stefan,Caroline
furile,furfurol,benzile
transceiver,transmitter,receiver
snowscoot,snowboard,scooter
aquacise,aquatic,exercise
posolutely,positively,absolutely
frienemy,friend,enemy
aquamation,aqua,cremation
snausage,snack,sausage
Spansule,span,capsule
termbase,term,database
dreadmill,dread,treadmill
cineplex,cinema,complex
yakalo,yak,buffalo
etiopathology,etiology,pathology
flashpacking,flash,backpacking
brodown,bro,hoedown
bleisure,business,leisure
celtuce,celery,lettuce
social notworking,social networking,not working
immittance,impedance,admittance
crapitalist,crap,capitalist
Carternomics,Carter,economics
mimotannic acid,Mimosa,tannic acid
transceive,transmit,receive
Walrussia,walrus,Russia
gazunder,gazump,under
ricinelaidic acid,ricinoleic,elaidic
girlcation,girl,vacation
computeracy,computer,literacy
spokesmodel,spokesperson,model
zebrinny,zebra,hinny
shoat,sheep,goat
mannaric,mannose,aldaric
Republicrat,Republican,Democrat
Itanic,Itanium,Titanic
ragazine,rag,magazine
interfaithless,interfaith,faithless
Sterek,Stiles,Derek
civionics,civil engineering,electronics
fakelore,fake,folklore
himbo,him,bimbo
glindex,glossary,index
prissy,prim,fussy
manther,man,panther
greenmail,greenback,blackmail
Trock,Time Lord,rock
cyclooctannulated,cyclooctane,annulated
scanlation,scan,translation
mimsy,miserable,flimsy
offensensitivity,offense,sensitivity
symlet,symmetry,wavelet
churnalist,churn,journalist
teleidoscope,tele,kaleidoscope
Zimblish,Zimbabwean,English
pegasister,pegasus,sister
condotel,condo,hotel
SIGINT,signal,intelligence
fanzine,fan,magazine
Harmony,Harry,Hermione
hatorade,hate,gatorade
multislack,multitask,slack
floptical,floppy,optical
brouter,bridge,router
scientibook,scientifiction,book
growlf,growl,woof
beautillion,beau,cotillion
sextopia,sex,utopia
canadew,cantaloupe,honeydew
militainment,military,entertainment
HillaryCare,Hillary,healthcare
sexplorer,sex,explorer
rollick,roll,frolic
plasmasonic,plasma,sonic
Mopologist,Mormon,apologist
humanzee,human,chimpanzee
fumulus,fume,cumulus
Mandelbulb,Mandelbrot set,bulb
globesity,globe,obesity
sexship,sex,relationship
bookazine,book,magazine
padfolio,pad,portfolio
Cumberfan,Cumberbatch,fan
tetrodotoxin,Tetraodontiformes,toxin
indihumin,indican,humin
TWENEX,twenty,kleenex
levulose,laevus,l
Nuyorican,New York,Puerto Rican
forelash,fore,backlash
Eastralia,East,Australia
ketol,ketone,indol
Porkulus,pork,stimulus
preditor,producer,editor
scrench,screwdriver,wrench
educrat,educator,bureaucrat
netpicker,net,nitpicker
Spuffy,Spike,Buffy
funkabilly,funk,rockabilly
Sculder,Scully,Mulder
briarellin,Briareum,eunicellin
skunk,skinhead,punk
culturati,culture,literati
memcomputer,mem,computer
petrodollar,petroleum,dollar
aparthotel,apartment,hotel
bromance,bro,romance
tomacco,tomato,tobacco
plantibody,plant,antibody
Chrismukkah,Christmas,Hannukah
facestalking,Facebook,stalking
iodhydrin,iodine,chlorhydrin
kibi,kilo,binary
utilidor,utility,corridor
mirabolic,miraculous,parabolic
autosub,autonomous,sub
hypospray,hypodermic,spray
squizzle,squirt,drizzle
galatrox,galectin,atrox
plumptious,plump,scrumptious
cliterati,clitoris,literati
Cinderfella,Cinderella,fella
flunami,flu,tsunami
hyperburner,hyper,afterburner
stygobiotic,stygian,biotic
eggnant,egg,pregnant
eggnancy,egg,pregnancy
frivorce,frivolous,divorce
coopete,cooperate,compete
Amasia,America,Eurasia
returnship,return,internship
sensori-volitional,sensory,volitional
veganic,vegan,organic
ELINT,electronic,intelligence
Britlish,Brit,English
mathlete,mathematics,athlete
Kochtopus,Koch,octopus
tovero,tobiano,overo
businesscrat,business,bureaucrat
co-amoxiclav,amoxicillin,clavulanate
Caturday,cat,Saturday
bikelash,bike,backlash
distrail,dissipation,trail
comma queen,comma,drama queen
fintech,finance,tech
hackaround,hack,workaround
fishetarian,fish,vegetarian
transtainer,trans,container
webinar,web,seminar
popera,pop,opera
vulture capitalist,vulture,venture capitalist
peptibody,peptide,antibody
agritainment,agriculture,entertainment
insta-dad,instant,dad
swigger,swing,nigger
chemtrail,chemical,trail
Juneteenth,June,nineteenth
ecoburb,ecological,suburb
strawbana,strawberry,banana
zompire,zombie,vampire
swoose,swan,goose
netroots,net,grassroots
palimony,pal,alimony
academented,academic,demented
prexactly,precisely,exactly
Speidi,Spencer,Heidi
insinuendo,insinuation,innuendo
anklet,ankle,bracelet
insourcing,in,outsourcing
snackwich,snack,sandwich
Scandiknavery,Scandinavian,knavery
femfen,female,fen
femismo,female,machismo
Medigap,Medicare,gap
Muslamic,Muslim,Islamic
Evernet,ever,Internet
laminboard,laminate,board
EUSSR,EU,USSR
sprummer,spring,summer
grandboomer,grandparent,boomer
nontroversy,non,controversy
gasahol,gasoline,alcohol
desirement,desire,requirement
voken,virtual,token
docufantasy,documentary,fantasy
manshake,man,handshake
cartomizer,cartridge,atomizer
dudical,dude,radical
vaguebooking,vague,Facebooking
greenwash,green,whitewash
bluejack,Bluetooth,hijack
insulysin,insulin,lysin
orangelo,orange,pomelo
alphametic,alphabet,arithmetic
brogressive,bro,progressive
Japlish,Japanese,English
fauxmance,faux,romance
antorbital,anterior,orbital
celebrification,celebrity,ification
binoscope,binocular,telescope
nearcation,near,vacation
buttlegging,butt,bootlegging
Spec-chum,spectrum,chum
AC45,America's Cup,45
parthanatos,PAR,Thanatos
spillionaire,spill,millionaire
tractioneer,traction,engineer
rurban,rural,urban
silcrete,silica,concrete
Ruthanasia,Ruth,euthanasia
guybrows,guy,eyebrows
teme,technological,meme
automagical,automatic,magical
splendiloquent,splendid,eloquent
singspiration,sing,inspiration
bleeding edge,bleed,leading edge
fagmo,fag,homo
agitpop,agitation,pop
lesbionic,lesbian,bionic
quarkyonic,quark,baryonic
cannabusiness,cannabis,business
brass ovaries,brass balls,ovaries
fauxtograph,faux,photograph
virokine,virus,cytokine
Gaystapo,gay,Gestapo
blowbang,blowjob,gangbang
vegeculture,vegetable,agriculture
arsenene,arsenic,graphene
womanifesto,woman,manifesto
radiogram,radio,telegram
absement,absence,displacement
glyoxime,glyoxal,oxime
glitten,glove,mitten
conifold,conic,manifold
nerdvana,nerd,nirvana
stfandom,stf,fandom
gigundous,gigantic,humungous
jumbrella,jumbo,umbrella
polony,polymerase,colony
politainer,politician,entertainer
gorilla in the room,800-pound gorilla,elephant in the room
maltitude,midpoint,altitude
slore,slut,whore
sidegrade,side,upgrade
featherwood,feather,peckerwood
spamdalism,spam,vandalism
emoticon,emotion,icon
grolar bear,grizzly bear,polar bear
elevon,elevator,aileron
shunpike,shun,turnpike
qugate,quantum,gate
spokescreature,spokesperson,creature
klonvocation,Klan,convocation
Twitterati,twitter,literati
cyberverse,cyber,universe
Penglish,Persian,English
vibronic,vibration,electronic
lemonime,lemon,lime
zebrass,zebra,ass
fornigate,fornicate,gate
sexercise,sex,exercise
prequential,predictive,sequential
multimediocrity,multimedia,mediocrity
memetic,meme,genetic
sensorimotor,sensory,motor
paradessence,paradox,essence
monoverse,mono,universe
Halfrican,half,African
quackademic,quack,academic
adorkable,adorable,dork
Muslime,Muslim,slime
Medicaid,medical,aid
indogen,indigo,gen
twoosh,Twitter,swoosh
glasshole,glasses,asshole
carborexia,carbon,anorexia
feminasty,feminist,nasty
permatemp,permanent,temp
deskfast,desk,breakfast
camcorder,camera,recorder
hydrolley,hydrogen,trolley
ruralpolitan,rural,metropolitan
glitterati,glitter,literati
burqini,burqa,bikini
eavesread,eavesdrop,read
tween,teen,between
previvor,pre,survivor
prizzly,polar,grizzly
cyclopentannulation,cyclopentane,annulation
lettergram,letter,telegram
sexpertise,sex,expertise
go-show,go,no-show
Blissymbol,Bliss,symbol
eyeshot,eye,earshot
jazzercise,jazz,exercise
medscanner,medical,scanner
colorpuncture,color,acupuncture
wheelchair rugby,wheelchair basketball,rugby
carpule,cartridge,ampule
barristor,barrier,transistor
synthon,synthesis,on
cybrarian,cyber,librarian
vacutainer,vacuum,container
pyramidiot,pyramid,idiot
avionics,aviation,electronics
yupster,yuppie,hipster
linish,linen,finish
smash,smack,mash
ambisextrous,ambidextrous,sex
gaytopia,gay,utopia
conrod,connecting,rod
seekini,see,bikini
pointel,point,voxel
compomer,composite,ionomer
femocrat,female,bureaucrat
cantenna,can,antenna
servent,server,client
iBook,iMac,notebook computer
antigram,anti,anagram
snoggle,snog,snuggle
ASMRtist,ASMR,artist
Maniloony,Manilow,loony
conbulker,container ship,bulker
axipolar,axial,polar
fabulicious,fabulous,delicious
twitticism,twit,witticism
Salinastroika,Salinas,perestroika
toluric acid,toluic,uric
splinternet,splinter,internet
sinapoleic acid,Sinapis,oleic
Retardican,retard,Republican
Raincouver,rain,Vancouver
logarithmancy,logarithm,arithmancy
purrfect,purr,perfect
hopium,hope,opium
helldesk,hell,helpdesk
Twibel,twitter,decibel
chatiquette,chat,etiquette
actifan,active,fan
explornography,explore,pornography
fauxtato,faux,potato
tardyon,tardy,tachyon
trainiac,train,maniac
supermagnetosonic,supersonic,magnetosonic
pornoisseur,porn,connoisseur
XNOR,exclusive,NOR
twazzock,twat,wazzock
pharm,pharmaceutical,farm
furvert,fur,pervert
folksonomy,folk,taxonomy
mechatronics,mechanics,electronics
melatonin,melanin,serotonin
sparsistency,sparse,consistency
Yinglish,Yiddish,English
rogue-lite,roguelike,lite
artsploitation,art,exploitation
Hebonics,Hebrew,Ebonics
longline,long,slackline
cheese slaw,cheese,coleslaw
bedrobe,bedroom,wardrobe
blitzar,blitz,star
wikiality,Wikipedia,reality
Humpdashian,Humphries,Kardashian
scanlator,scan,translator
gaytarded,gay,retarded
nutrigenomics,nutrition,genomics
hir,him,her
Movember,mo,November
spoetry,spam,poetry
bromidiom,bromide,idiom
glycide,glyceric,anhydride
calligraffiti,calligraphy,graffiti
indel,insertion,deletion
sexting,sex,texting
threadjack,thread,hijack
mutein,mutate,protein
electrocute,electro,execute
glitch hop,glitch,hip hop
lumbersexual,lumberjack,metrosexual
Chlollie,Chloe,Ollie
hydrolox,hydrogen,lox
malvertising,malicious,advertising
raptivist,rapper,activist
HoReCa,hotel,restaurant
plucot,plum,apricot
Toyger,toy,tiger
awkweird,awkward,weird
Talibangelical,Taliban,evangelical
preferendum,prefer,referendum
racecation,race,vacation
biopic,biographical,picture
Blasian,black,Asian
Lexana,Lex,Lana
cyclopentannulated,cyclopentane,annulated
Clana,Clark,Lana
chillax,chill out,relax
fauxlex,faux,Rolex
stalkumentary,stalk,documentary
benchmarketing,benchmark,marketing
meatatarian,meat,vegetarian
Blissymbols,Bliss,symbols
praziquantel,pyrazine,quinoline
newstainment,news,entertainment
dragadiddle,drag,paradiddle
bandstration,band,orchestration
syringaldehyde,syringic,aldehyde
Kripkenstein,Kripke,Wittgenstein
Texican,Texan,Mexican
Zionazi,Zionist,Nazi
Schadenford,schadenfreude,Ford
javazon,javelin,Amazon
redback,Red,greenback
crangrape,cranberry,grape
carnivoracity,carnivore,voracity
X-Verse,X-Men,universe
benzannulation,benzene,annulation
Cumberperson,Cumberbatch,person
docudrama,documentary,drama
right-shore,right,offshore
cookie pop,cookie,lollipop
informercial,information,commercial
rebar,reinforcing,bar
Windies,West,Indies
tofurkey,tofu,turkey
astragaloside,astragalus,glycoside
smartbook,smartphone,netbook
tagball,tag,paintball
formamide,formic,amide
heliair,helium,air
planeteer,planet,volunteer
nastygram,nasty,gram
passifan,passive,fan
smize,smile,eyes
neverendum,neverending,referendum
multinacci,multiple,Fibonacci
princessipality,princess,principality
devilock,devil,lock
minarchism,minimum,archy
bisociation,bi,association
shockvertising,shock,advertising
advertecture,advertising,architecture
geep,goat,sheep
sysplex,systems,complex
cuboctahedron,cube,octahedron
goalodicy,goal,theodicy
e-volution,e,evolution
vaporwave,vaporware,wave
glocalization,global,localization
aprium,apricot,plum
wifestyle,wife,lifestyle
metaproteome,metaprotein,genome
sorostitute,sorority,prostitute
hallucinogenre,hallucinogen,genre
Swoose,swan,goose
nerderati,nerd,literati
e-cruitment,e,recruitment
booklegging,book,bootlegging
infobesity,info,obesity
psychophant,psycho,sycophant
twotino,two,plutino
yello,yes,hello
Yogalates,yoga,Pilates
plagiarhythm,plagiarism,rhythm
death 'n' roll,death metal,rock 'n' roll
mocktail,mock,cocktail
autobiografictional,autobiography,fictional
conylene,conine,acetylene
promposal,prom,proposal
sexplore,sex,explore
jorts,jean,shorts
sextravaganza,sex,extravaganza
Ruscism,Russian,fascism
digiscope,digital,telescope
zonotope,zono,polytope
hugemungous,huge,humongous
wikinomics,wiki,economics
listicle,list,article
teleplay,television,screenplay
penicylinder,penicillin,cylinder
Juvember,June,November
manopause,man,menopause
maniverse,many,universe
philanthropreneur,philanthropist,entrepreneur
squircle,square,circle
sportsplex,sports,complex
Silastic,silicone,plastic
Amerikkka,America,KKK
femifascism,feminism,fascism
retrosexual,retro,metrosexual
mockney,mock,Cockney
wobbulator,wobble,oscillator
Janto,Jack,Ianto
Emmabel,Emma,Annabel
spamvertise,spam,advertise
jargonaut,jargon,argonaut
Europhoria,Europe,euphoria
Pricasso,prick,Picasso
skintern,skin,intern
skacid,ska,acid
electrickery,electricity,trickery
fivehead,five,forehead
gengineer,genetic,engineer
crapplet,crap,applet
mathemagician,mathematician,magician
Mummerset,mummer,Somerset
Amygist,Amy,imagist
headground,head,background
Pastafarianism,pasta,Rastafarianism
pagejacking,page,hijacking
gleek,glee,geek
boreout,bore,burnout
boomsayer,boom,doomsayer
Baldilocks,bald,Goldilocks
militician,military,politician
Billary,Bill,Hillary
artistamp,artist,stamp
baskimo,basset hound,Eskimo
mainsleaze,mainstream,sleaze
Butskellism,Butler,Gaitskell
trufan,true,fan
cadwelding,Cadwell,welding
flobber,flop,wobble
corright,correct,right
feelpinion,feel,opinion
corpsicle,corpse,popsicle
acidocin,acidophilus,bacteriocin
tabsule,tablet,capsule
aminimide,amine,imide
ecotel,eco,hotel
spacistor,space,transistor
Grexit,Greece,exit
ceramal,ceramic,alloy
privishing,private,publishing
spy-fi,spy,sci-fi
podcast,iPod,broadcast
Ameritrash,American,trash
skapri,skirt,capri pants
treechanger,tree,seachanger
amitriptylinoxide,amitriptyline,oxide
Bovril,Bos,Vril
envowel,embowel,vowel
Blaxican,Black,Mexican
Eeveelution,evee,evolution
orbifold,orbit,manifold
perzine,personal,zine
snough,sneeze,cough
buckytube,buckyball,tube
serpopard,serpent,leopard
babymoon,baby,honeymoon
tittytainment,tit,entertainment
condop,condo,co-op
Czexit,Czech,exit
Treknology,Trek,technology
chatterbot,chatter,robot
hashtivism,hashtag,activism
artotype,art,autotype
spigger,spic,nigger
sportscast,sports,broadcast
Blackanese,black,Japanese
brinner,breakfast,dinner
fratire,frat,satire
mixel,mixed,pixel
pornstache,porn,moustache
artemether,artemisinin,ether
snarge,snot,garbage
globaloney,global,baloney
superfecta,super,perfecta
televisionary,television,visionary
cesspipe,cesspool,pipe
splatstick,splatter,slapstick
applistructure,application,infrastructure
Kimothy,Kim,Timothy
queerdo,queer,weirdo
artivist,art,activist
advertorial,advertisement,editorial
eyeborg,eye,cyborg
moletronics,molecular,electronics
manpris,man,capris
hacktivism,hack,activism
craptabulous,crap,fantabulous
celesbian,celebrity,lesbian
camrip,camcorder,rip
solargraph,solar,photograph
minikini,mini,bikini
hyperbolike,hyperbolic,like
pericombobulation,peri,discombobulation
rabbitat,rabbit,habitat
womanipulation,woman,manipulation
Vangroovy,Vancouver,groovy
aquacade,aqua,cavalcade
wackaging,wacky,packaging
yakow,yak,cow
neatball,nut,meatball
sexhibition,sex,exhibition
Maine-iac,Maine,maniac
Kossack,Kos,cossack
oilionaire,oil,millionaire
lezbro,lesbo,bro
permyriad,per,myriad
nagavator,nag,navigator
Babyflot,baby,Aeroflot
anternet,ant,internet
calcein,calcium,fluorescein
Clintonomics,Clinton,economics
flippy disk,flip,floppy disk
evilution,evil,evolution
Redditor,Reddit,editor
Sherlolly,Sherlock,Molly
fanon,fan,canon
whippador,whippet,Labrador
hucow,human,cow
blawg,blog,law
sexidemic,sex,epidemic
Microsoft,microcomputer,software
Paralympic,para,Olympic
snickelway,snicket,ginnel
webcast,web,broadcast
shibilant,esh,sibilant
glocal,global,local
Jewniverse,Jew,universe
cricondentherm,critical,condensation
manufactroversy,manufactured,controversy
bootkit,boot,rootkit
collabulary,collaborative,vocabulary
glutaconic acid,glutaric,aconitic
bitnik,bit,beatnik
Sundaily,Sunday,daily
TomKat,Tom,Katie
presstitute,press,prostitute
bumder,bummer,bender
momic,mom,comic
eenamost,e'en,a'most
Iraqibacter,Iraqi,Acinetobacter
wambulance,wah,ambulance
airpocalypse,air,apocalypse
vegelate,vegetable,chocolate
structronics,structure,electronics
phreaking,phone,freak
irritainment,irritating,entertainment
Lostaway,lost,castaway
spamouflage,spam,camouflage
frightmare,fright,nightmare
stuffaroni,stuff,macaroni
glitzkrieg,glitz,blitzkrieg
Michiana,Michigan,Indiana
positone,positive,monotone
annetocin,annelid,oxytocin
bytesexual,byte,bisexual
scenius,genius,scene
beasterly,beastly,easterly
boke,butt,poke
galcon,galaxy,construct
narcosub,narcotics,submarine
Oxbridge,Oxford,Cambridge
circlip,circle,clip
investomer,investor,customer
Bangel,Buffy,Angel
marchitecture,market,architecture
hempcrete,hemp,concrete
Soundex,sound,index
veganaise,vegan,mayonnaise
FedEx,federal,express
birdnapper,bird,kidnapper
spool,spa,pool
crudzine,crud,zine
Johnlock,John,Sherlock
twerk,twerp,jerk
Banglish,Bangla,English
Taxachusetts,tax,Massachusetts
absitively,absolutely,positively
Rayne,River,Jayne
aeradio,aero,radio
clickhaler,click,inhaler
seatainer,sea,container
teraconic acid,terebic,citraconic
JAV,Japanese,AV
vertilinear,vertical,linear
Sanderista,Sanders,Sandinista
wire fu,wire,kung fu
helichopper,helicopter,chopper
acedapsone,acetate,dapsone
endotherapy,endoscopic,therapy
angledozer,angle,bulldozer
dentro,demo,intro
Darth Vader,dark,death
guggulipid,guggul,lipid
desiccome,desiccation,genome
mar,martensite,aging
mantuary,man,sanctuary
bistronomy,bistro,gastronomy
alta-male,alta,male
phasor,phase,vector
memetics,meme,genetics
booboisie,boob,bourgeoisie
fyborg,functional,cyborg
henopause,hen,menopause
cranapple,cranberry,apple
sex-texting,sex,texting
bustitution,bus,substitution
cinemuck,cinema,muck
glutaric,glutamic,tartaric
orangequat,orange,kumquat
Chisox,Chicago,White Sox
ecosophy,ecology,philosophy
grue,green,blue
Conservadox,Conservative,Orthodox
tiswas,it,is
flatform,flat,platform
STOLport,STOL,airport
poptastic,pop,fantastic
pajamahadeen,pajamas,mujahadeen
Bootnik,boot,beatnik
gaymo,gay,homo
three-peat,three,repeat
cashtration,cash,castration
prezactly,precisely,exactly
animatronics,animation,electronics
phenose,phenyl,dextrose
tellurantimony,tellurium,antimony
egoscan,ego,scan
four-peat,four,repeat
interpassivity,interactivity,passivity
moblog,mobile,blog
citrange,citrus,orange
hindcast,hind,forecast
ballute,balloon,chute
fantabulous,fantastic,fabulous
boobird,boo,bluebird
sportscaster,sports,broadcaster
sloppery,slippery,sloppy
Slush Puppie,slush,hushpuppy
fanslator,fan,translator
blandiose,bland,grandiose
snarf,snort,scarf
pluot,plum,apricot
carborundum,carbon,corundum
Vatileaks,Vatican,leaks
Wakaliwood,Wakaliga,Hollywood
theragnosis,therapy,diagnosis
kindergarchy,kindergarten,archy
breasticle,breast,testicle
newbie,new,baby
radicool,radical,cool
zilde,zero,tilde
lesbigay,lesbian,bisexual
bozon,bozo,boson
Holohoax,Holocaust,hoax
curlyhead,curly,head
gonyautoxin,Gonyaulax,toxin
cheeseburger,cheese,hamburger
clonewheel organ,clone,tonewheel organ
sexploit,sex,exploit
manorexic,man,anorexic
Los Angelization,Los Angeles,ization
snarkcastic,snarky,sarcastic
staycation,stay,vacation
breastaurant,breast,restaurant
dickhole,dick,asshole
advertainment,advert,entertainment
citrangequat,citrange,kumquat
Obamacan,Obama,Republican
heatronic,heat,electronic
Brexshit,Brexit,shit
placepot,place,jackpot
skyjack,sky,highjack
wisdumb,wisdom,dumb
sternebra,sternum,vertebra
Obamanation,Obama,abomination
filmanthropy,film,philanthropy
Dramione,Draco,Hermione
urinalysis,urine,analysis
exertainment,exercise,entertainment
newscast,news,broadcast
claymation,clay,animation
gravastar,gravitational,vacuum
wincest,win,incest
defeatican,defeat,Republican
cozzer,copper,rozzer
foodoir,food,memoir
boutfit,bout,outfit
Merkelvellian,Merkel,Machiavellian
Kitler,kitten,Hitler
artivism,art,activism
peemergency,pee,emergency
nelfie,nude,selfie
wowzah,yowzah,wow
stuckholder,stuck,stockholder
chifforobe,chiffonier,wardrobe
dramality,drama,reality
acafan,academic,fan
tangelo,tangerine,pomelo
frogurt,frozen,yogurt
flunk,flinch,funk
humanimal,human,animal
guppie,gay,yuppie
infomercial,information,commercial
daycation,day,vacation
romaction,romance,action
violaniline,violet,aniline
lexicase,lexical,case
digraph,directed,graph
resorcin,resin,orcin
angulaperturate,angular,aperturate
woyote,wolf,coyote
procott,pro,boycott
pisslamist,piss,Islamist
Milkomeda,Milky Way,Andromeda
aerobatic,aero,acrobatic
academentia,academia,dementia
fanslation,fan,translation
circumfetishism,circumcision,fetishism
fampool,family,carpool
artlang,artistic,language
nife,Ni,Fe
cashspiel,cash,bonspiel
washlet,wash,toilet
restauranteur,restaurant,restaurateur
charismania,charisma,mania
ebrary,e,library
mallternative,mall,alternative
roboroach,robot,cockroach
Namlish,Namibian,English
Islamerica,Islam,America
seasteading,sea,homesteading
snowicane,snow,hurricane
truscum,true,scum
femifascist,feminist,fascist
Destiel,Dean,Castiel
rectagraph,rectangle,graph
shortrange,short,range
cruffin,croissant,muffin
smishing,SMS,phishing
hazmat,hazardous,material
disemvowel,disembowel,vowel
mathletic,math,athletic
trimmigrant,trim,immigrant
cyclopropannulation,cyclopropane,annulation
snice,snow,ice
fanpire,fan,vampire
Blatino,black,Latino
sheboon,she,baboon
Wincest,Winchester,incest
exbi,exa,binary
fapstronaut,fapper,astronaut
hopenosis,hope,hypnosis
Victoriental,Victorian,Oriental
refujew,refugee,Jew
soylent,soya,lentil
libertardian,libertarian,tard
Nixonomics,Nixon,economics
Meritage,merit,heritage
Microhoo,Microsoft,Yahoo
Waycest,Way,incest
downpression,down,oppression
smirt,smoking,flirting
fursecution,fur,persecution
beeramid,beer,pyramid
pinkwashing,pink,whitewashing
ecotage,ecological,sabotage
Bremelo,Bremerton,buffalo
platiniridium,platinum,iridium
bolitics,bollocks,politics
Winterval,winter,festival
saketini,sake,martini
wean,wee,ane
litrebike,litre,motorbike
blogroll,blog,logrolling
Spederline,Spears,Federline
wasband,was,husband
fishwich,fish,sandwich
Chrislam,Christian,Islam
exhaustipated,exhausted,constipated
AC90,America's Cup,90
leuconic acid,leuco,croconic
molestache,molest,mustache
geekerati,geek,literati
velfie,video,selfie
menoporsche,menopause,Porsche
whitestream,white,mainstream
carbage,carb,garbage
Imagineer,imagine,engineer
hydrargochloride,hydrargyrum,chloride
WhatsApp,what's up,app
Obamaton,Obama,automaton
twi-night,twilight,night
blahg,blah,blog
phospholipidome,phospholipid,genome
homocaust,homo,holocaust
Brexit,Britain,exit
queermo,queer,homo
mereotopology,mereology,topology
squoval,square,oval
cake pop,cake,lollipop
foon,fork,spoon
anteroventral,anterior,ventral
cockerpoo,cocker spaniel,poodle
algeny,alchemy,gene
mingy,mean,stingy
dataveillance,data,surveillance
Transfan,transformers,fan
thinspiration,thin,inspiration
boatel,boat,hotel
Islamocracy,Islam,democracy
carjack,car,hijack
osmiridium,osmium,iridium
skinbow,skin,rainbow
monstricide,monster,homicide
entreprenerd,entrepreneur,nerd
Hinjew,Hindu,Jew
heliox,helium,oxygen
cyberspace,cybernetics,space
alkalamide,alkali,amide
barstaurant,bar,restaurant
posilutely,positively,absolutely
charybdotoxin,Charybdis,toxin
Manipogo,Manitoba,Ogopogo
merm,man,perm
Pretendolino,pretend,Pendolino
slackpack,slack,backpack
oatlage,oat,silage
nouse,nose,mouse
carboxide,carbon,oxide
goodput,good,throughput
Slanket,sleeved,blanket
xylorimba,xylophone,marimba
blook,blog,book
Freecycle,free,recycle
Afrihili,Africa,Swahili
surtext,surface,text
tongue-in-chic,tongue-in-cheek,chic
fansub,fan,subtitle
cyclopropannulated,cyclopropane,annulated
tweenybopper,tween,teenybopper
workation,work,vacation
luncheteria,lunch,cafeteria
glycoproteome,glycoprotein,genome
surfari,surf,safari
Brisneyland,Brisbane,Disneyland
quickshaw,quick,rickshaw
dramedy,drama,comedy
bungaloft,bungalow,loft
texting,text,messaging
dildon't,dildo,don't
creamsicle,cream,popsicle
vodcast,video,podcast
catskinner,cat,muleskinner
intrapreneurship,intra,entrepreneurship
farmscraper,farm,skyscraper
malware,malicious,software
xylenol,xylene,phenol
servibar,service,bar
welfie,workout,selfie
Lollywood,Lahore,Hollywood
thilk,the,ilk
geriaction,geriatric,action
cycloheptannulated,cycloheptane,annulated
skullet,skull,mullet
plasticrete,plastic,concrete
motorail,motor,rail
vishing,voice,phishing
feminazi,feminist,Nazi
cantheism,cannabis,theism
fanmag,fan,magazine
notpology,not,apology
octopush,octopus,push
sexperimentation,sex,experimentation
womanhandle,woman,manhandle
schlockbuster,schlock,blockbuster
congratudolences,congratulations,condolences
genzine,general,zine
voxel,volumetric,element
snatiation,sneeze,satiation
wuss,wimp,puss
Homocaust,homosexual,Holocaust
Fappening,fap,happening
toonie,two,loonie
congoer,convention,goer
PowerPointlessness,PowerPoint,pointlessness
ultrabook,ultra,notebook computer
coagulase,coagulation,ase
absotively,absolutely,positively
defeatocrat,defeat,Democrat
Hackintosh,hack,Macintosh
disregardless,disregarding,regardless
turdis,turd,TARDIS
backcast,back,forecast
astrophilately,astro,philately
Jenglish,Japanese,English
manzilian,man,Brazilian
shwopping,shopping,swapping
shopgrift,shoplift,grift
Talibaptist,Taliban,Baptist
harmolodics,harmony,melodics
sodcast,sod,broadcast
gasohol,gasoline,alcohol
Florabama,Florida,Alabama
pegacorn,Pegasus,unicorn
funemployed,fun,unemployed
exopause,exosphere,pause
Idared,Idaho,red
vurp,vomit,burp
micropolitan,micro,metropolitan
Manwich,man,sandwich
cosmid,cos,plasmid
Linux,Linus Torvalds,Unix
stfanzine,stf,fanzine
Cheaster,Christmas,Easter
slinch,slug,inch
retrotort,retro,retort
physisorption,physical,adsorption
skitch,skate,hitch
romedy,romantic,comedy
eatertainment,eat,entertainment
urechitoxin,Urechites,toxin
tragicomedienne,tragicomedy,comedienne
science faction,science fiction,science fact
coydog,coyote,dog
Westralia,western,Australia
funtivity,fun,activity
technetronic,technology,electronic
civilogue,civil,dialogue
hoffice,home,office
hse,he,she
dorkus,dork,doofus
Iraqnophobia,Iraq,arachnophobia
Microshaft,Microsoft,shaft
Wayleen,Wayne,Coleen
pandeism,pantheism,deism
Lienux,lie,Linux
logit,logistic,probit
pectose,pectic,cellulose
exacta,exact,trifecta
Finchel,Finn,Rachel
stethal,stearic,ethal
pleather,plastic,leather
churnalism,churn out,journalism
wantrepreneur,want,entrepreneur
flubber,flying,rubber
transaxle,transmission,axle
actionedy,action,comedy
threepeat,three,repeat
pubcasting,public,broadcasting
gamma knife,gamma ray,knife
electrion,electric,ion
transcreation,translation,creation
daymare,day,nightmare
twible,Twitter,libel
kytoon,kite,balloon
udderly,udder,utterly
dognapping,dog,kidnapping
fanac,fan,activity
Google-fu,Google,kung fu
lawfare,law,warfare
Thanksgivukkah,Thanksgiving,Hanukkah
deathhawk,death,mohawk
caftaric acid,caffeic acid,tartaric acid
administrivia,administrative,trivia
naycation,nay,vacation
transistor,x,y
brainiac,brain,maniac
glamping,glamorous,camping
whitelash,white,backlash
wholphin,whale,dolphin
Vansterdam,Vancouver,Amsterdam
cupset,cup,upset
genitorture,genital,torture
multilogue,multi,dialogue
Shebrew,she,Hebrew
catio,cat,patio
cannabutter,cannabis,butter
libtardation,liberal,retardation
jellycopter,jelly,helicopter
duppie,depressed,yuppie
sphenethmoid,sphenoid,ethmoid
hunty,honey,cunt
apatheism,apathy,theism
Bakerloo,Baker Street,Waterloo
freecycle,free,recycle
Duchovbot,Duchovny,bot
yobi,yotta,binary
snotsicle,snot,icicle
Nibral,nickel,bronze
graphicacy,graphic,literacy
ObamaCare,Obama,healthcare
hijack,highway,jacker
shoefie,shoe,selfie
Infobahn,info,Autobahn
lunner,lunch,dinner
sextort,sex,extort
snowmaker,snow,maker
multicultist,multicultural,cultist
diffability,different,ability
overgo,overlapping,oligonucleotide
celebutard,celebrity,debutante
pizza-ghetti,pizza,spaghetti
pivalaldehyde,pivalic,aldehyde
eggciting,egg,exciting
skiddie,script,kiddie
roval,road,oval
sporabola,spore,parabola
cellophane,cellulose,diaphane
Weasleycest,Weasley,incest
Bapticostal,Baptist,Pentecostal
Klaliff,Klan,caliph
netbook,internet,notebook
chuckey,chicken,duck
manties,man,panties
occutard,occupy,retard
OpenBSD,open,BSD
reinventive,reinvent,inventive
sexpat,sex,expat
scanslation,scan,translation
twincest,twin,incest
goosebumples,goosebumps,goosepimples
cellucotton,cellulose,cotton
moob,man,boob
sperminator,sperm,terminator
varistor,variable,resistor
Runglish,Russian,English
eggstraordinary,egg,extraordinary
tesseral,tessara,numeral
wreader,writer,reader
codec,coder,decoder
hate-on,hate,hard-on
kidult,kid,adult
snoopervision,snoop,supervision
lysopine,lysine,octopine
guitjo,guitar,banjo
brogrammer,bro,programmer
bingle,bob,shingle
aptagram,apt,anagram
Jewsrael,Jew,Israel
fakeaway,fake,takeaway
dickitude,dick,attitude
flightseeing,flight,sightseeing
Pictionary,picture,dictionary
chemosorb,chemo,absorb
nicad,nickel,cadmium
flexicurity,flexibility,security
reefugium,reef,refugium
wobulator,wobble,oscillator
alcolock,alcohol,lock
cultivar,cultivated,variety
fagazine,fag,magazine
synthespian,synthetic,thespian
cockhole,cock,asshole
mobilome,mobile,genome
blognoscenti,blog,cognoscenti
robomb,robot,bomb
vacationship,vacation,relationship
Lovatic,Lovato,fanatic
fleaker,flask,beaker
cyberchondriac,cyber,hypochondriac
catitude,cat,attitude
spaceliner,space,airliner
Wholigan,who,hooligan
mockumentary,mock,documentary
weisure,work,leisure
Scala,scalable,language
thon,that,yon
treggings,trousers,leggings
downpressor,down,oppressor
stanene,stannum,graphene
cyberdelic,cyber,psychedelic
fogbow,fog,rainbow
somaesthetics,somatic,aesthetics
Clex,Clark,Lex
faitheist,faith,atheist
Callafan,Callahan,fan
nutraceutical,nutrient,pharmaceutical
Germish,German,English
Mexifornia,Mexico,California
Talmudvision,Talmud,television
surgicalist,surgical,hospitalist
smexting,smoking,texting
plastisol,plastic,sol
blackwit,black,godwit
freetard,free,retard
deskercise,desk,exercise
beefalo,beef,buffalo
preheritance,pre,inheritance
microbotics,micro,robotics
Glambert,glam,Lambert
quink,quin,quark
astronautte,astronaut,ette
gramophony,gramophone,y
squarial,square,aerial
coachwhip,coach,whip
Hanfic,Hanson,fanfic
Chunnel,Channel,Tunnel
weeny-bopper,weeny,teeny-bopper
tablebase,table,database
smaze,smoke,haze
alphamerical,alphabetical,numerical
pedo-stache,pedophile,moustache
polycotton,polyester,cotton
propheteering,prophet,profiteering
hiplife,hip-hop,highlife
housebuilder,house,builder
Instagram,instant,telegram
magnetorquer,magnet,torque
clamato,clam,tomato
Twific,twilight,fic
snaparazzi,snap,paparazzi
clue-by-four,clue,two-by-four
Scouserati,Scouser,literati
hangry,hungry,angry
Republicunt,Republican,cunt
clopen,closed,open
inkshed,ink,bloodshed
teahadist,tea,jihadist
flaperon,flap,aileron
superdupervenience,super-duper,supervenience
skurfing,ski,surfing
albinterferon,albumin,interferon
interweb,Internet,web
rumortrage,rumor,arbitrage
bagholder,bag,shareholder
micromorph,microscopic,amorphic
Chindia,China,India
perillaldehyde,perilla,aldehyde
Pallywood,Palestinian,Hollywood
zombocalypse,zombie,apocalypse
OB-GYN,obstetrics,gynecology
NetBSD,net,BSD
globocop,global,robocop
melodeath,melodic,death
fuckumentary,fuck,documentary
firenado,fire,tornado
overguesstimate,overestimate,guesstimate
Macolyte,Mac,acolyte
hackathon,hack,marathon
emulsoid,emulsion,colloid
brunch,breakfast,lunch
silundum,silicon,corundum
mythconception,myth,misconception
alphagram,alphabetical,anagram
flexecutive,flexible,executive
qubyte,quantum,byte
truel,tri,duel
fauxgasm,faux,orgasm
fire devil,fire,dust devil
handsbreadth,hand,breadth
butyramide,butyric,amide
McCainiac,McCain,maniac
polymersome,polymer,liposome
glocalize,globalize,localize
Remainiac,remain,maniac
fugly,fucking,ugly
jackalope,jackrabbit,antelope
vlogumentary,vlog,documentary
apartotel,apartment,hotel
televangelist,television,evangelist
mombie,mom,zombie
pumpking,pumpkin,king
faction,fact,fiction
virulome,virulence,genome
ringxiety,ring,anxiety
infotainment,information,entertainment
Eurasia,Europe,Asia
buckraker,buck,muckraker
Twifan,twilight,fan
beertail,beer,cocktail
goshwowboyoboy,gosh,wow
snowmageddon,snow,armageddon
walkshed,walk,watershed
stfsy,stf,fantasy
Usegroup,Usenet,newsgroup
popstream,pop,mainstream
Brexodus,Brexit,exodus
Klannish,Klan,clannish
labanotation,Laban,notation
masscom,mass,communication
lavacicle,lava,icicle
poperatic,pop,operatic
anticipointment,anticipation,disappointment
hypochristian,hypocrite,Christian
soulular,soul,cellular
municycling,mountain,unicycling
Hannigram,Hannibal,Graham
roundrect,rounded,rectangle
dissensus,dissent,consensus
lysergic,hydrolysis,ergot
carbazotic acid,carbon,azotic
e-tailer,e,retailer
dumbfound,dumb,confound
brud,bro,bud
spearphishing,spearfishing,phishing
upcycle,up,recycle
palmcorder,palm,camcorder
Bushonomics,Bush,economics
Yugo-nostalgia,Yugoslavia,nostalgia
highline,high,slackline
cardistry,card,artistry
anamonic,anagram,mnemonic
crimance,crime,romance
bluejacking,Bluetooth,hijack
subvertising,subvert,advertising
monthiversary,month,anniversary
nearbout,near,about
cultigroup,cultivar,group
funkadelia,funk,psychedelia
selepressin,selective,vasopressin
ibly,ible,ly
Belieber,believer,Bieber
hydrauger,hydraulic,auger
hickster,hick,hipster
margatini,margarita,martini
5ever,5,forever
brength,breadth,length
Israhell,Israel,hell
parkway,car park,railway
zony,zebra,pony
lowline,low,slackline
concolic,concrete,symbolic
autopia,auto,utopia
mitophagy,mitochondrial,autophagy
nettop,net,desktop
soca,soul,calypso
thugduggery,thug,skulduggery
arcology,architecture,ecology
glip,glide,skip
melene,melissic,ethylene
steroidome,steroid,genome
MacIntel,Macintosh,Intel
cybrid,cytoplasmic,hybrid
electrolocation,electric,location
memeplex,meme,complex
blobject,blob,object
grrrl,grrr,girl
Mobot,Mo,robot
midquel,mid,sequel
Torygraph,Tory,Telegraph
foundherentism,foundationalism,coherentism
frenemy,friend,enemy
martemper,martensite,temper
spinasterol,spinach,sterol
Cumberbabe,Cumberbatch,babe
emotag,emotion,tag
Schnoodle,schnauzer,poodle
coywolf,coyote,wolf
welfariat,welfare,proletariat
schlockumentary,schlock,documentary
lumberjill,lumberjack,Jill
glamazon,glamorous,amazon
snackadium,snack,stadium
geeksta,geek,gangsta
bandini,bandeau,bikini
huppie,Hispanic,yuppie
environazi,environmentalist,nazi
cheluviation,chelation,eluviation
beautility,beauty,utility
scrummy,scrumptious,yummy
athleisurewear,athletics,leisurewear
rusticle,rust,icicle
landphoon,land,typhoon
brandscaping,brand,landscaping
cellco,cell,telco
manganpyrosmalite,manganese,pyrosmalite
barse,balls,arse
pedlock,pedestrian,gridlock
wasbian,was,lesbian
wapanese,white,Japanese
boyzilian,boy,Brazilian
tebi,tera,binary
Kollywood,Kodambakkam,Hollywood
stoquastic,stochastic,quantum
posistor,positive,thermistor
austemper,austenite,temper
wedmin,wedding,admin
metaquotidian,metaphysical,quotidian
Bennifer,Ben,Jennifer
muttnik,mutt,sputnik
agflation,agricultural,inflation
precovery,pre,recovery
niggerati,nigger,literati
manny,male,nanny
chuman,chimpanzee,human
pixilation,pixie,animation
voluntell,volunteer,tell
typosquatting,typo,cybersquatting
envirofriendly,environmentally,friendly
accoast,accost,coast
piem,pi,poem
orpharion,Orpheus,Arion
minheap,minimum,heap
deceleron,decelerate,aileron
spoodle,spoon,ladle
rapefugee,rape,refugee
freemail,free,email
rockdrill,rock,drill
phagraphene,penta,hexa-
SOCMINT,social,media
showmance,show,romance
schmooseoisie,schmooze,bourgeoisie
droplifting,drop,shoplifting
greengrocery,greengrocer,grocery
murse,man,purse
livication,live,dedication
squircular,square,circular
smexy,smart,sexy
fictomercial,fiction,commercial
automagic,automatic,magic
Clois,Clark,Lois
mysterama,mystery,drama
Mexamerica,Mexico,America
fourpeat,four,repeat
cyclooctannulation,cyclooctane,annulation
metaverse,meta,universe
Jacobethan,Jacobean,Elizabethan
lifecasting,life,broadcasting
pulsar,pulsating,star
pointcast,point,broadcast
punny,pun,funny
tweeb,technology,dweeb
Sonomarin,Sonoma,Marin
halterkini,halter,bikini
sexodus,sex,exodus
watercoaster,water,rollercoaster
glampire,glam,vampire
snoozle,snooze,nuzzle
Biblezine,Bible,magazine
felsic,feldspar,silica
oxime,oxygen,imide
feminerd,feminist,nerd
Treknical,Trek,technical
gibi,giga,binary
tubax,tuba,sax
advergame,advertisement,game
simulcast,simultaneous,broadcast
camporee,camp,jamboree
velocipedestrian,velocipede,pedestrian
bandikini,bandeau,bikini
buffeteria,buffet,cafeteria
INMARSAT,international,marine
banoffee pie,banana,toffee
twistorian,twist,historian
Chicagorilla,Chicago,gorilla
flirtationship,flirtation,relationship
realpolitician,realpolitik,politician
stupidstitious,stupid,superstitious
Chimpanese,chimpanzee,ese
Shitmas,shit,Christmas
brupper,breakfast,supper
meninism,men,feminism
trimaran,tri,catamaran
buycott,buy,boycott
stfield,stf,field
warmedy,warm,comedy
screencast,screen,broadcast
Zogbot,ZOG,robot
crackberry,crack,BlackBerry
pneudraulics,pneumatics,hydraulics
naphthazarin,naphthalene,alizarin
milab,military,abduction
Romnesia,Romney,amnesia
floptical disk,floppy disk,optical
fakegasm,fake,orgasm
glamper,glamorous,camper
anthropornography,anthropomorphic,pornography
fakon,fake,bacon
sitcomedian,sitcom,comedian
fandub,fan,dub
postique,postal,boutique
ciphony,cipher,telephony
smush,smash,mush
no-brow,no,lowbrow
basketbrawl,basketball,brawl
fueldraulic,fuel,hydraulic
manorexia,man,anorexia
armangite,arsenic,manganese
zebrule,zebra,mule
satnav,satellite,navigation
Reaganomics,Reagan,economics
liger,lion,tiger
compandor,compressor,expander
dup,do,up
scienticomic,scientifiction,comic
starquake,star,earthquake
blobitecture,blob,architecture
metamediary,meta,intermediary
Pollywood,Peshawar,Hollywood
Netlish,net,English
coasteering,coast,mountaineering
Engleutsch,English,Deutsch
proselytute,proselytize,prostitute
slavenapping,slave,kidnapping
Finnglish,Finnish,English
underguesstimate,underestimate,guesstimate
cankle,calf,ankle
benzannulated,benzene,annulated
Windian,west,Indian
goshwow,gosh,wow
sticktion,stick,friction
Amerimanga,American,manga
Lexit,left,exit
Kleagle,Klan,eagle
poshtel,posh,hostel
entertoyment,entertainment,toy
alcopop,alcohol,pop
fitspiration,fit,inspiration
casamino acid,casein,amino acid
Obamanomics,Obama,economics
Deaflympic,deaf,Olympic
howlarious,howl,hilarious
Devonwall,Devon,Cornwall
malternative,malt,alternative
fauxhawk,faux,Mohawk
e-conomy,e,economy
lipoplatin,lipid,cisplatin
frecency,frequency,recency
choralography,choral,choreography
disinfotainment,disinformation,infotainment
tanorexia,tan,anorexia
dygogram,dynamic,goniometric
laser copier,laser printer,photocopier
argipressin,arginine,vasopressin
popsicle,pop,icicle
steezy,style,easy
sinthomosexual,sinthome,homosexual
chairoplane,chair,aeroplane
tensegrity,tensional,integrity
hasbarat,hasbara,rat
gypcrete,gypsum,concrete
nor,not,or
clipmapping,clip,mipmapping
nollie,nose,ollie
lamestream,lame,mainstream
carnapping,car,kidnapping
randumb,random,dumb
cuckservative,cuck,conservative
Enronomics,Enron,economics
mauvelous,mauve,marvelous
cobot,collaborative,robot
chesticle,chest,testicle
twimmolation,Twitter,immolation
Twimom,twilight,mom
voice lift,voice,face lift
sexile,sex,exile
texel,texture,element
slivercasting,sliver,broadcasting
Newzak,news,Muzak
quintom,quintessence,phantom
jocoserious,jocose,serious
YouTubular,YouTube,tubular
mercaptoundecanoic,mercaptan,undecanoic
wreckreation,wreck,recreation
brosephine,bro,Josephine
bowlliards,bowling,billiards
overstand,over,understand
granzyme,granule,enzyme
turducken,turkey,duck
treap,tree,heap
produsage,production,usage
Scandiwegian,Scandinavian,Norwegian
Amygism,Amy,imagism
Mexcrement,Mexican,excrement
flexatone,flexible,tone
slowth,slow,growth
churnalize,churn,journalize
Jayonce,Jay,Beyonce
Thaiglish,Thai,English
outformation,out,information
glibertarian,glib,libertarian
memcomputing,mem,computing
pervaporation,permeation,evaporation
cellevision,cellphone,television
Drarry,Draco,Harry
overclock,over,clock
HAR2,HAR,2
sparklepire,sparkle,vampire
haycation,hay,vacation
cycloheptannulation,cycloheptane,annulation
chatterati,chatter,literati
amnihook,amniotic,hook
Microspeak,Microsoft,speak
flustrated,flustered,frustrated
softroader,soft,off-roader
canuding,canoeing,nude
faned,fan,editor
stan,stalker,fan
finishipper,finish,shipper
phallogocentric,phallocentric,logocentric
snaketivity,snake,Nativity
Finglish,Finnish,English
mocktini,mock,martini
whigger,white,nigger
mastertone,master,ringtone
glambassador,glamour,ambassador
femmunist,feminist,communist
mantyhose,man,pantyhose
snirt,snow,dirt
shwasted,shitfaced,wasted
mopy,MOP,copy
downcycle,down,recycle
Muslimania,Muslim,mania
terribad,terrible,bad
flumpet,flugelhorn,trumpet
jazzical,jazz,classical
Seconal,secondary,allyl
Texit,Texas,exit
swapportunity,swap,opportunity
Noogler,new,Googler
rapportage,rapport,reportage
Botox,botulin,toxin
politricks,politics,tricks
architourist,architecture,tourist
bruncle,brother,uncle
budtender,bud,bartender
cookprint,cook,footprint
catvertising,cat,advertising
cyburban,cyber,suburban
eggstravaganza,egg,extravaganza
panzoism,pantheism,zoology
scoopula,scoop,spatula
sargable,search,argument
Bartitsu,Barton,jujitsu
phenanthroline,phenanthrene,quinoline
celebutante,celebrity,debutante
vegaquarian,vegetarian,aquarian
wedsite,wedding,website
vaginamony,vagina,alimony
limecrete,lime,concrete
McDungheap's,McDonald's,dungheap
churnover,churn,takeover
wrock,wizard,rock
retcon,retroactive,continuity
voluntourist,volunteer,tourist
triphibious,tri,amphibious
womanthrope,woman,misanthrope
atheitard,atheist,retard
Churchianity,church,Christianity
sialoquent,sialic,eloquent
ecotecture,eco,architecture
satisfice,satisfy,suffice
alternateen,alternative,teen
systempunkt,system,schwerpunkt
snazzy,snappy,jazzy
spinternet,spin,internet
boxercise,boxing,exercise
Mofftiss,Moffat,Gatiss
Manglish,Malaysia,English
Trinbagonian,Trinidadian,Tobagonian
fauxpology,faux,apology
facekini,face,bikini
fapstinence,fapping,abstinence
Jockney,jock,cockney
tricine,tris,glycine
transcribbler,transcriber,scribbler
spintronic,spin,electronic
slanguage,slang,language
chesticles,chest,testicles
wigger,white,nigger
legalitarian,legal,egalitarian
brandscape,brand,landscape
forgettery,forget,memory
misteress,mister,mistress
collaboratory,collaborate,laboratory
piffle,piddle,trifle
polydeism,polytheism,deism
trilliant,triangle,brilliant
alternarock,alternative,rock
Trekiverse,trek,universe
Pokefan,Pokemon,fan
Bollywood,Bombay,Hollywood
buildering,building,bouldering
pultrusion,pull,extrusion
makeunder,makeover,under
emocore,emotional,hardcore
dreamlining,dream,streamlining
dunch,dinner,lunch
NOR,NOT,OR
textiquette,text,etiquette
shellfishing,shellfish,fishing
Connecticunt,Connecticut,cunt
Cambozola,camembert,gorgonzola
tweetheart,tweet,sweetheart
Peterloo,Peter,Waterloo
palmitoleic acid,palmitic,oleic
plasteel,plastic,steel
fanne,fan,femme
frape,Facebook,rape
corflu,correction,fluid
craftivist,craft,activist
carefront,care,confront
co-opetition,co-operation,competition
spork,spoon,fork
Mouseketeer,mouse,musketeer
craftivism,craft,activism
bullshido,bullshit,bushido
eggcellent,egg,excellent
spacedive,space,skydive
crybully,crybaby,bully
bacne,back,acne
Motability,motor,ability
klavalier,Klan,cavalier
bulimorexia,bulimia,anorexia
weblish,Web,publish
Ital,I,vital
skirtini,skirt,bikini
Rastaman,Rastafari,man
sightjogging,sightseeing,jogging
femcunt,feminist,cunt
ferrod,ferric,rod
quadrominium,quadri,condominium
shero,she,hero
edutainment,education,entertainment
spammer,space,hammer
spiral DRAGN,spiral galaxy,DRAGN
vidiot,video,idiot
kloncilium,Klan,concilium
vibracoustic,vibrate,acoustic
perzackly,precisely,exactly
Blatcherism,Blairism,Thatcherism
communifake,communicate,fake
learnfare,learn,welfare
massifier,mass,classifier
mathematese,mathematics,ese
laptronica,laptop,electronica
grassture,grass,pasture
hardbag,hard,handbag
zoomburb,zoom,suburb
floofy,fluffy,poofy
technorati,technology,literati
Weblish,Web,English
shrinkflation,shrink,inflation
testilying,testifying,lying
Amerithrax,America,anthrax
agrimation,agricultural,automation
blizzicane,blizzard,hurricane
maplet,Maple,applet
liliger,lion,liger
grapholect,grapheme,dialect
Hughligan,Hugh,hooligan
maxout,maximum,dropout
Conehead,cone,head
gymnatorium,gymnasium,auditorium
humanure,human,manure
congoing,convention,going
fooligan,fool,hooligan
batcorder,bat,recorder
paradelle,parody,villanelle
slushbreaker,slush,icebreaker
crapplication,crap,application
elastofluidic,elastic,fluidic
solvmanifold,solvable,manifold
knork,knife,fork
greensome,green,foursome
cybertronic,cyber,electronic
scientifiction,scientific,fiction
azoxy,azo,oxy
fucktard,fucking,retard
bhangramuffin,bhangra,raggamuffin
shopstead,shop,homestead
murketing,murk,marketing
annepressin,annelid,vasopressin
Eurocrat,Euro,bureaucrat
hokum,hocus-pocus,bunkum
fanglomerate,fan,conglomerate
selfcest,self,incest
homeboy,hometown,boy
Shitler,shit,Hitler
linearithmic,linear,logarithmic
bee-utiful,bee,beautiful
transponder,transmitter,responder
plench,pliers,wrench
blandscape,bland,landscape
illbient,ill,ambient
mesendoderm,mesoderm,endoderm
Mexpat,Mexico,expat
copstache,cop,mustache
jandal,Japanese,sandal
poorism,poor,tourism
gaytheist,gay,atheist
pigloo,pig,igloo
nonpology,non,apology
spunk,spark,funk
movieoke,movie,karaoke
servlet,server,applet
Jewtile,Jew,gentile
querl,twirl,curl
meanderthal,meander,Neanderthal
Japanoise,Japanese,noise
intertwingle,intertwine,intermingle
blogorrhea,blog,logorrhea
banilla,banana,vanilla
digilante,digital,vigilante
purrsuasive,purr,persuasive
Beervana,beer,nirvana
mansplaining,man,explaining
gallerina,gallery,ballerina
relaxacon,relax,a-
dequity,debt,equity
cusec,cubic,second
koranimal,Koran,animal
sensel,sensor,cell
gasalier,gas,chandelier
spoofball,spoof,goofball
manizer,man,womanizer
Cumberbitch,Cumberbatch,bitch
Singlish,Singaporean,English
halon,halogen,carbon
googlish,Google,English
fandemonium,fan,pandemonium
jackhole,jackass,asshole
procrasturbation,procrastination,masturbation
Iyaric,I,Amharic
squarson,squire,parson
juvenoia,juvenile,paranoia
platypusary,platypus,nursery
glulam,glued,laminated
yestergay,yesterday,gay
intactivist,intact,activist
polyself,polymorph,self
openture,open,closure
phirotope,phase,chirotope
fembitch,feminist,bitch
circumfetishist,circumcision,fetishist
Merkozy,Merkel,Sarkozy
threonucleic,threose,nucleic
telco,telephone,company
Wenglish,Welsh,English
mucamide,mucic,amide
beavage,beaver,cleavage
coatigan,coat,cardigan
seaquarium,sea,aquarium
mansplain,man,explain
Tamartian,Tamar,Martian
infoganda,information,propaganda
halfro,half,afro
HORECA,hotel,restaurant
phlorone,phlorol,quinone
Jersian,Jersey,Friesian
Dynamation,dynamic,animation
Ameritopia,America,utopia
scyllatoxin,Scylla,toxin
webvertising,Web,advertising
smokeasy,smoke,speakeasy
manumation,manual,automation
Sensurround,sense,surround
jagger,jaguar,tiger
lidar,light,radar
blotch,blot,botch
punkabilly,punk,rockabilly
Frobenioid,Frobenius,monoid
e thumb,e,green thumb
micromorphic,microscopic,amorphic
workcation,work,vacation
abandannaad,a,bandanna
transbian,trans,lesbian
blynx,bobcat,lynx
Wikipedia,wiki,encyclopedia
panstick,pancake,stick
bromantic,bro,romantic
papercrete,paper,concrete
driveshed,drive,watershed
computerate,computer,literate
wangst,wank,angst
niggerette,nigger,cigarette
Tribonacci,tri,Fibonacci
strawpedo,straw,torpedo
digerati,digital,literati
dolostone,dolomite,stone
Mahomie,Mahone,homie
stycerin,styryl,glycerin
pornotopia,pornography,utopia
guyliner,guy,eyeliner
technomad,techno,nomad
dickmatized,dick,hypnotized
sweetmeal,sweet,wholemeal
beerage,beer,peerage
narcossism,narco,narcissism
yed,your,editor
hungarumlaut,Hungarian,umlaut
textident,text,accident
Senegambia,Senegal,Gambia
Rethuglican,Republican,thug
booketeria,book,cafeteria
Musketeer,Musk,musketeer
cousincest,cousin,incest
blaxploitation,black,exploitation
webfolio,Web,portfolio
Sportianity,sport,Christianity
leopon,leopard,lion
motel,motor,hotel
avigation,aviator,navigation
taileron,tail,aileron
jeggings,jeans,leggings
eugenocide,eugenics,genocide
unintelligentsia,unintelligent,intelligentsia
Caballerial,Caballero,aerial
Mandelbox,Mandelbrot set,box
nonversation,non,conversation
cremains,cremated,remains
megalogue,mega,dialogue
fiscalamity,fiscal,calamity
gourmania,gourmet,mania
azran,azimuth,range
splurchase,splurge,purchase
Zionistan,Zionist,stan
qubit,quantum,bit
luser,loser,user
melodramatize,melodrama,dramatize
retrofit,retro,refit
mannide,mannite,anhydride
pornobilly,porn,rockabilly
regrexit,regret,Brexit
mitogenome,mitochondrion,genome
feebate,fee,rebate
neuticles,neuter,testicles
ellagitannin,ellagic,tannin
Klaroline,Klaus,Caroline
voicemailbox,voicemail,mailbox
Danglish,Danish,English
commognition,communication,cognition
sterolome,sterol,genome
pumapard,puma,leopard
smark,smart,mark
apareon,apogee,Ares
Japanime,Japan,anime
womanager,woman,manager
posedown,pose,showdown
broasted,broiled,roasted
pupperware,pup,Tupperware
emotronic,emo,electronic
beardruff,beard,dandruff
haplotype,haploid,type
skeptimist,skeptic,optimist
tautism,tautology,autism
peekapoo,pekingese,poodle
chillstep,chill,dubstep
Pennsyltucky,Pennsylvania,Kentucky
orbitrap,orbit,trap
cybotage,cyber,sabotage
ovonics,Ovshinsky,electronics
keytar,keyboard,guitar
sextortion,sex,extortion
skeptimistic,skeptical,optimistic
designerati,designer,literati
phloramine,phlorlucin,amine
televangelism,television,evangelism
charticle,chart,article
Milifandom,Miliband,fandom
prettiful,pretty,beautiful
spaxel,space,pixel
seastead,sea,homestead
blipster,black,hipster
jeerleader,jeer,cheerleader
cyclohexannulated,cyclohexane,annulated
automobility,automobile,mobility
monstrocious,monstrous,ferocious
momager,mom,manager
masstige,mass,prestige
longrange,long,range
momoir,mom,memoir
glycogenesis,glycogen,genesis
maholla,mahalo,holla
eggetarian,egg,vegetarian
haterade,hater,lemonade
fatkini,fat,bikini
Nexit,Netherlands,exit
electracy,electrical,literacy
Berserkeley,berserk,Berkeley
midshipmite,midshipman,mite
trit,tri,bit
dot bomb,dotcom,bomb
dystrochrept,dystrophic,ochrept
spendicitis,spend,appendicitis
pignapper,pig,kidnapper
Twitterdom,Twitter,dom
rompler,ROM,sampler
sparsistent,sparse,consistent
eggceptional,egg,exceptional
horsiculture,horse,horticulture
zome,zonohedron,dome
camikini,camisole,bikini
magickian,magick,magician
telepathetic,telepathy,pathetic
Muppet,marionette,puppet
manarchist,man,anarchist
robopocalypse,robo,apocalypse
apartelle,apartment,hotel
sacrilicious,sacrilegious,delicious
reprotoxic,reproduction,toxic
Michigander,Michigan,gander
wangle,wag,dangle
dot-carnage,dot-com,carnage
Vaughniston,Vaughn,Aniston
swoe,sword,hoe
mytharc,mythology,story arc
threadjacking,thread,hijacking
banana cue,banana,barbecue
netpicking,net,nitpicking
joggler,jogger,juggler
frohawk,fro,Mohawk
ascidiozooid,ascidium,zooid
stovec,stolen,vehicle
steganalysis,steganographic,analysis
brohemian,bro,Bohemian
belligerati,belligerent,literati
Americunt,American,cunt
mogas,motorcar,gasoline
subtopia,suburb,utopia
Amerasian,American,Asian
soapumentary,soap opera,documentary
salsatheque,salsa,discotheque
ignoranus,ignoramus,anus
whimperative,whimper,imperative
truckwit,truck,fuckwit
Rolodex,rolling,index
intexticated,intoxicated,text
dynaset,dynamic,data set
sexsational,sex,sensational
dubtronica,dub,electronica
haylage,hay,silage
conjugase,conjugate,ase
inclinator,incline,elevator
Russlish,Russian,English
ignorati,ignorant,literati
rectenna,rectifying,antenna
witsec,witness,security
Maxonian,Macclesfield,Oxonian
halfalogue,half,dialogue
spankavision,spank,television
Floribbean,Florida,Caribbean
barbell,bar,dumbbell
chairobics,chair,aerobics
confuddle,confuse,befuddle
dorgi,dachshund,corgi
midwoof,midwife,woof
Mondler,Monica,Chandler
technostalgia,techno,nostalgia
virtopsy,virtual,autopsy
thrashabilly,thrash metal,rockabilly
Homintern,homosexual,Comintern
immunevasion,immune,evasion
advertique,advertisement,antique
magicube,magic,cube
Hinglish,Hindi,English
jamoke,java,mocha
wikitorial,wiki,editorial
doculect,document,lect
cuprofen,codeine,ibuprofen
cetrimide,cetrimonium,bromide
pizzly,polar,grizzly
fauxtatoes,faux,potatoes
hathos,hate,pathos
clausmarin,Clausena,coumarin
cybergeddon,cyber,armageddon
Fakestinian,fake,Palestinian
ukelin,ukelele,violin
thugduggery,thug,skulduggery
mistbow,mist,rainbow
swaption,swap,option
craplication,crap,application
cypherpunk,cipher,cyberpunk
spectabulous,spectacular,fabulous
transpressionism,trans,impressionism
cancerette,cancer,cigarette
nuclearite,nuclear,meteorite
gengineered,genetically,engineered
fauxnetic,faux,phonetic
Veepstakes,veep,sweepstakes
opinionnaire,opinion,questionnaire
affluenza,affluence,influenza
Taffia,Taff,mafia
Disgusta,disgusting,Augusta
absatively,absolutely,positively
betatron,beta particle,cyclotron
threequel,three,sequel
Brittana,Brittany,Santana
roflcopter,rofl,helicopter
icecrete,ice,concrete
Tealiban,Tea Party,Taliban
strollerobics,stroller,aerobics
mathmagician,math,magician
avgas,aviation,gasoline
confuddled,confused,befuddled
protomer,prototropy,tautomer
zoodles,zucchini,noodles
freemium,free,premium
snortle,snort,chortle
Liebercrat,Lieberman,Democrat
sexalicious,sex,delicious
Cubop,Cuban,bebop
e-vite,e,invite
snogaine,snow,rogaine
flexihours,flexible,hours
carefrontation,care,confrontation
Hongapore,Hong Kong,Singapore
Snarry,Snape,Harry
appletini,apple,martini
handicamp,handicap,camp
throw BBs,throw,BBs
keyblet,keyboard,tablet
aptronym,apt,patronym
zolly,zoom,dolly
varial,vary,aerial
zonkey,zebra,donkey
iration,I,creation
Shawinigate,Shawinigan,gate
Kimye,Kim,Kanye
exergaming,exercise,gaming
iTouch,iPod,touch
quad rugby,quadriplegic,rugby
deathrocker,deathrock,rocker
commonsensible,common sense,sensible
calcrete,calcium,concrete
Klaine,Kurt,Blaine
softworks,software,works
xenavidin,Xenopus,avidin
ingoer,in,outgoer
blacksplain,black,explain
retardical,retarded,rhetorical
pettiskirt,petticoat,skirt
dramystery,drama,mystery
cuntservative,cunt,conservative
Pokemaniac,Pokemon,maniac
Laurasia,Laurentia,Eurasia
undecolic acid,undecylenic,propiolic
cellotaph,cellophane,cenotaph
Acrux,alpha,Crux
fogponics,fog,aeroponics
mapvertising,map,advertising
tankini,tank top,bikini
buckyonion,buckminsterfullerene,onion
valerin,valeric,glycerin
playshop,play,workshop
lactimide,lactic,imide
Klandidate,Klan,candidate
zeehorse,zebra,horse
telethon,telephone,marathon
skeezy,sketchy,sleazy
kiddiot,kid,idiot
infocommunications,information,communications
homeshoring,home,offshoring
awesomazing,awesome,amazing
indietronica,indie,electronica
heirhead,heir,airhead
Mayniac,Maynard,maniac
verticutter,vertical,cutter
promogulate,promote,promulgate
Dhimmicrat,dhimmi,Democrat
mockbuster,mock,blockbuster
tralse,true,false
orature,oral,literature
sexperiment,sex,experiment
forevermore,forever,evermore
cyclinac,cyclotron,linac
irregardless,irrespective,regardless
skank,skeevy,rank
pollutician,pollution,politician
sharrow,share,arrow
occultural,occult,cultural
copypasta,copy and paste,pasta
cassingle,cassette,single
acetamide,acetyl,amide
breastroke,breast,stroke
kissogram,kiss,telegram
Randroid,Rand,android
workfarce,workforce,farce
pissaphone,piss,megaphone
minimax,minimum,maximum
Ziocon,Zionist,neoconservative
triggernometry,trigger,trigonometry
steez,style,ease
pregorexia,pregnancy,anorexia
Markland,mark,land
Jesusanity,Jesus,Christianity
drelfie,drunken,selfie
Utahrd,Utah,tard
slurve,slider,curve
Obamacon,Obama,conservative
Softail,soft,tail
maleimide,maleic,imide
Socceroo,soccer,kangaroo
aspulvinone,Aspergillus,pulvinone
red chip,Red China,blue chip
psychobilly,psycho,rockabilly
klavern,Klan,cavern
Batmaniac,Batman,maniac
aralkyl,aryl,alkyl
micronometer,micro,chronometer
regiolect,region,dialect
smog,smoke,fog
Laurussia,Laurentia,Russia
sheroic,she,heroic
brinicle,brine,icicle
slock,sock,lock
oilgae,oil,algae
bronde,brunette,blonde
wavicle,wave,particle
Twofish,two,Blowfish
spamdexing,spam,indexing
fauxmosexual,faux,homosexual
blacktress,black,actress
doga,dog,yoga
netiquette,Net,etiquette
blackstream,black,mainstream
screenager,screen,teenager
slogo,slogan,logo
celebretard,celebrity,retard
malamide,malic,amide
naptural,nappy,natural
brandcasting,brand,broadcasting
transumer,transient,consumer
sharenting,share,parenting
coutaric acid,coumaric acid,tartaric acid
Dixiecrat,Dixie,Democrat
twoonie,two,loonie
mahoosive,massive,huge
Fixit,Finland,exit
mono-verse,mono,universe
bullshot,bullshit,screenshot
blacktivist,black,activist
Africoon,African,coon
magalogue,magazine,catalogue
methene,methyl,ethylene
machinima,machine,cinema
mantrum,man,tantrum
Eurasiafrican,Asian,African
oxaldehyde,oxalic,aldehyde
cyborg,cybernetic,organism
cama,camel,llama
plasticuffs,plastic,cuffs
amtrac,amphibious,tractor
cruck,car,truck
med-evac,medical,evacuation
pubcaster,public,broadcaster
Bushbama,Bush,Obama
architourism,architecture,tourism
Cobainiac,Cobain,maniac
fuckabilly,fuck,hillbilly
Pastafarian,pasta,Rastafarian
homosexless,homosexual,sexless
splitwheel,split,cartwheel
doubloonie,double,loonie
synzyme,synthetic,enzyme
entertailing,entertaining,retailing
ASCIIbetical,ASCII,alphabetical
proteome,protein,genome
twigloo,twig,igloo
humidex,humidity,index
ufocal,UFO,focal
altazimuth,altitude,azimuth
handicapable,handicapped,capable
floof,fluff,poof
tweeple,Twitter,people
galactoxyloglucan,galactose,xylose
bugly,butt,ugly
Vinnifer,Vince,Jennifer
cyclohexannulation,cyclohexane,annulation
sima,silicon,magnesium
misfuck,mistake,fuck
cablegami,cable,origami
Aberzombie,Abercrombie,zombie
biostitute,biology,prostitute
poofy,poof,puffy
amphtrack,amphibious,tractor
vinaxanthone,vinaceum,xanthone
Tollywood,Telugu,Hollywood
conreport,convention,report
infodemic,information,epidemic
RESTafarian,REST,Rastafarian
Nollywood,Nigeria,Hollywood
mancation,man,vacation
surfel,surface,voxel
Texarkana,Texas,Arkansas
coffice,cubicle,office
Chavril,Chad,Avril
hectivity,hectic,activity
ramscoop,ramjet,scoop
fauxcest,faux,incest
croggle,crush,goggle
cybernation,cybernetic,automation
phablet,phone,tablet
beergarita,beer,margarita
Sheerio,Sheeran,cheerio
hasbian,has-been,lesbian
FreeBSD,free,BSD
wanksta,wannabe,gangsta
translocase,translocate,ase
broket,broken,bracket
breathalyzer,breath,analyzer
mangina,man,vagina
klonklave,Klan,conclave
hetdar,het,radar
sexcapade,sex,escapade
snowpocalypse,snow,apocalypse
posynomial,positive,polynomial
Repugnantcan,Republican,repugnant
Fenglish,Farsi,English
hebdomadiversary,hebdomad,anniversary
Spanglish,Spanish,English
effeminist,effeminate,feminist
cybrary,cyber,library
womantic,woman,romantic
Baltimoron,Baltimore,moron
beetball,beet,meatball
snuba,snorkel,scuba
odditorium,odd,auditorium
hypervisor,hyper,supervisor
brandwidth,brand,bandwidth
meninist,men,feminist
gunk,grime,funk
azipod,azimuth thruster,tripod
minisode,mini,episode
handicapitalism,handicap,capitalism
Stimpmeter,Stimpson,meter
munt,man,cunt
buckyball,buckminsterfullerene,ball
methoxyl,methyl,hydroxyl
flotel,float,hotel
upsert,update,insert
gun fu,gun,kung fu
dot-coma,dot-com,coma
renovict,renovate,evict
weblebrity,web,celebrity
sensurround,sense,surround
Winblows,Windows,blows
cronut,croissant,doughnut
bloggerati,blogger,literati
booklegger,book,bootlegger
tenderoni,tender,macaroni
familymoon,family,honeymoon
erotosexual,erotic,sexual
Friendsgiving,friends,Thanksgiving
godcasting,God,podcasting
brodeo,bro,rodeo
troglodyke,troglodyte,dyke
alderperson,alderman,person
adlayer,adsorb,layer
lamalginite,lamina,alginite
presentity,presence,entity
queerious,queer,curious
joggling,jogging,juggling
mascon,mass,concentration
splog,spam,blog
superpussy,super,pussy
retailtainment,retail,entertainment
mebi,mega,binary
foodflation,food,inflation
animanga,anime,manga
Bosox,Boston,Red Sox
vook,video,book
hacktivist,hack,activist
procrasturbate,procrastinate,masturbate
bandkini,bandeau,bikini
backronym,back-formation,acronym
absquatulate,abscond,squat
quagma,quark,magma
Pokedollar,Pokemon,dollar
digizine,digital,magazine
digipeater,digital,repeater
walkathon,walk,marathon
adenovirus,adenoid,virus
Britpick,Brit,nitpick
catazine,catalogue,magazine
docuseries,documentary,series
singjay,sing,deejay
halterini,halter,bikini
cyclobutannulated,cyclobutane,annulated
hopeium,hope,opium
infiniverse,infinite,universe
Putler,Putin,Hitler
zebavidin,zebrafish,avidin
haliver oil,halibut,cod liver oil
Redfella,Red,goodfella
purranormal,purr,paranormal
Cumbermania,Cumberbatch,mania
snakeboard,snake,skateboard
ginormous,gigantic,enormous
magnetar,magnet,pulsar
rockabilly,rock,hillbilly
blort,blow,snort
indoleacetic,indole,acetic
tricknology,trick,technology
sensorineural,sensory,neural
telestrator,tele,demonstrator
zebi,zetta,binary
maniverter,manifold,converter
geoboard,geometry,board
dumpster,dump,Dempster
terephthalic acid,terebic,phthalic acid
thrillmance,thriller,romance
meiome,meiosis,ome
sheeple,sheep,people
doff,do,off
Virgin Caesar,virgin,Bloody Caesar
cattelo,cattle,buffalo
Japanazi,Japanese,Nazi
thoughtography,thought,photography
nonylene,nonane,ethylene
kidfluence,kid,influence
anacronym,anachronism,acronym
infotopia,information,utopia
trancecore,trance,hardcore
chumpion,chump,champion
telecast,tele,broadcast
chugger,charity,mugger
galactography,galactic,geography
donkra,donkey,zebra
Jawaiian,Jamaica,Hawaiian
farmaceutical,farm,pharmaceutical
jetiquette,jet,etiquette
cermet,ceramic,metal
sunlights,sunlight,highlights
stodgy,stuffy,podgy
TimberBiel,Timberlake,Biel
homolosine,homolographic,sinusoidal
spange,spare,change
Nintendinitis,Nintendo,tendinitis
apprecihate,appreciate,hate
egoboo,ego,boost
TVCR,TV,VCR
bonkbuster,bonk,blockbuster
webtop,Web,desktop
scratchiti,scratch,graffiti
Fanson,fan,Hanson
dogote,dog,coyote
Japanglish,Japanese,English
pebi,peta,binary
huboon,human,baboon
agribusiness,agriculture,business
hand wedge,hand,sand wedge
blizzaster,blizzard,disaster
finickity,finicky,pernickety
hellfare,hell,welfare
celebreality,celebrity,reality
henchboy,henchman,boy
sortation,sort,automation
thermistor,thermal,resistor
fursona,furry,persona
fucksome,fucking,awesome
piglice,pig,police
gyprock,gypsum,rock
federast,federalist,pederast
right-shoring,right,offshore
fluorspar,fluorite,spar
greige,grey,beige
metrogaine,metro,rogaine
shoeicide bomber,shoe,suicide bomber
snowcrete,snow,concrete
seajack,sea,hijack
snottite,snot,stalactite
Jelena,Justin,Selena
gaymer,gay,gamer
faith-lift,faith,face-lift
hijabista,hijab,fashionista
momnesia,mom,amnesia
Frexit,France,exit
prenylome,prenyl,genome
copyfighter,copyright,fighter
homedulgence,home,indulgence
Caskett,Castle,Beckett
momtrepreneur,mom,entrepreneur
tweetup,tweet,meetup
netizen,Net,citizen
thish,this,ish
brightsizing,bright,rightsizing
futilitarian,futility,utilitarianism
bardolator,bard,idolater
MacBook,Macintosh,notebook
Virgin Mary,virgin,Bloody Mary
cyclopamine,cyclops,amine
arachnerd,arachnid,nerd
Nihonglish,Nihongo,English
Remembrance Sunday,Remembrance Day,Sunday
alphamosaic,alphabetical,mosaic
spintronics,spin,electronics
prebuttal,pre,rebuttal
gription,grip,traction
memex,memory,index
furoin,furan,benzoin
tinygram,tiny,datagram
Suethor,Sue,author
RomneyCare,Romney,healthcare
gaydar,gay,radar
softlifting,software,shoplifting
Inity,I,unity
portafilter,portable,filter
glamazonian,glamour,Amazonian
exitron,exon,intron
Tudorbethan,Tudor,Elizabethan
artilect,artificial,intellect
sprinter,spring,winter
ethionic acid,ethyl,thionic
blogcast,blog,podcast
anonymouse,anonymous,mouse
vegeburger,vegetable,burger
hypothecation,hypothetical,dedication
vegangelical,vegan,evangelical
unipeg,unicorn,Pegasus
frolf,Frisbee,golf
shunpiker,shun,turnpike
gayborhood,gay,neighborhood
Hissian,hiss,Hessian
Deaflympics,deaf,Olympics
cyberchondria,cyber,hypochondria
wankster,wannabe,gangster
Vietraq,Vietnam,Iraq
cyberman,cybernetic,man
Shagaluf,shag,Magaluf
airbill,air,waybill
Dunglish,Dutch,English
puccalo,pucker,piccolo
salicide,self,aligned
Jafaican,Jamaican,fake
freeconomics,free,economics
cockapoo,cocker spaniel,poodle
Janglish,Japanese,English
fauxgressive,faux,progressive
brandalism,brand,vandalism
weddingmoon,wedding,honeymoon
assicon,ass,emoticon
laze,lava,haze
viewspaper,views,newspaper
Masshole,Massachusetts,asshole
Medicare,medical,care
emotronica,emo,electronica
religofascist,religion,fascist
postvention,post,intervention
twonk,twit,twat
Madchester,mad,Manchester
spime,space,time
NAND,NOT,AND
alkargen,alkarsin,oxygen
tigon,tiger,lion
screamo,scream,emo
silicyne,silicon,carbyne
dormcest,dormitory,incest
puncept,pun,concept
induhvidual,individual,duh
cutensil,cute,utensil
tweep,Twitter,creep
Spillow,Spike,Willow
sanctimommy,sanctimony,mommy
glycolipidome,glycolipid,genome
vagitarian,vagina,vegetarian
Punycode,puny,Unicode
angryphone,angry,anglophone
Governator,governor,Terminator
Czechnology,Czech,technology
gustnado,gust front,tornado
Swenglish,Swedish,English
lumbrokinase,Lumbricus,kinase
adenosine,adenine,ribose
shim,she,him
Camford,Cambridge,Oxford
copyfight,copyright,fight
Israhelli,Israeli,hell
pykrete,Pyke,concrete
Trollywood,Trollhattan,Hollywood
Thanksmas,Thanksgiving,Christmas
fastpack,fast,backpack
sublebrity,sub,celebrity
hypnodelic,hypnotic,psychedelic
rockoon,rocket,balloon
Roomba,room,rumba
ecotopia,eco,utopia
toxidrome,toxic,syndrome
dot-commiserate,dot-com,commiserate
boomburb,boom,suburb
phonemark,phone,earmark
brandjacking,brand,hijacking
mirdle,man,girdle
correntropy,correlation,entropy
LOLsuit,LOL,lawsuit
damber,damme,boy
compunications,computer,communications
edgel,edge,pixel
autobiografiction,autobiography,fiction
stfan,stf,fan
cabulance,cab,ambulance
Cuntada,cunt,Canada
gyrene,GI,marine
Hunglish,Hungarian,English
wedcast,webcast,wedding
boko,beak,coconut
itinually,I,continually
gayby,gay,baby
funemployment,fun,unemployment
fibershed,fiber,watershed
warphan,war,orphan
starchitect,star,architect
sibcest,sibling,incest
lutar,lute,guitar
edu-babble,education,babble
carbogen,carbon,oxygen
folktronica,folk,electronica
quillow,quilt,pillow
throuple,three,couple
fauxminist,faux,feminist
fertaric acid,ferulic acid,tartaric acid
gothabilly,goth,rockabilly
Hongcouver,Hong Kong,Vancouver
Hollyweird,Hollywood,weird
poperetta,pop,operetta
swop,swing,hip-hop
dykon,dyke,icon
shegging,shiny,legging
mankini,man,bikini
femcee,female,emcee
Jedward,John,Edward
chylaqueous,chyle,aqueous
zircophyllite,zirconium,astrophyllite
flexitank,flexible,tank
camouflanguage,camouflage,language
smombie,smartphone,zombie
multilog,multi,dialog
livecast,live,webcast
medicide,medical,suicide
sexperience,sex,experience
Texpat,Texas,expat
poopetrator,poop,perpetrator
polkabilly,polka,rockabilly
Doxbridge,Durham,Oxford
oscnode,osculation,node
womansplaining,woman,explaining
womance,woman,romance
pornocopia,porn,cornucopia
China doll,China,china doll
annish,anniversary,ish
calfdozer,calf,bulldozer
nitraniline,nitro,aniline
varactor,variable,reactor
stopout,stop,dropout
malvertisement,malicious,advertisement
glassphalt,glass,asphalt
workfare,work,welfare
spanger,spare,change
indiglucin,indican,glucin
auxlang,auxiliary,language
cataraft,catamaran,raft
man-in-the-browser,man-in-the-middle,browser
optrode,optical,electrode
payola,pay,Victrola
hushaby,hush,lullaby
stfcon,stf,convention
resistojet,resist,jet
phreak,phone,freak
not-pology,not,apology
flerd,flock,herd
teleportal,teleport,portal
pixmap,pixel,map
macon,mutton,bacon
guncle,gay,uncle
yumptious,yum,scrumptious
Polglish,Polish,English
quartene,quartane,ethylene
navaid,navigational,aid
fourgie,four,orgy
Shamy,Sheldon,Amy
Obomber,Obama,bomber
pineberry,pineapple,strawberry
bedsit,bedroom,sitting room
anodium,anodized,aluminum
broccoflower,broccoli,cauliflower
flamadiddle,flam,paradiddle
facturd,factoid,turd
floordrobe,floor,wardrobe
sext,sex,text
Moffic,Moffatt,fanfic
bacronym,back,acronym
computronium,computer,neutronium
Kendra,Kenneth,Sandra
methal,myristic,ether
shellular,shell,cellular
digiterati,digital,literati
dotmocracy,dot,democracy
anachronym,anachronous,acronym
slackcom,slacker,sitcom
statite,static,satellite
democrazy,democracy,crazy
Kloran,Klan,Koran
phub,phone,snub
Amerindian,American,Indian
clicktivist,click,activist
splatterday,splatter,Saturday
glymphatic,glial,lymphatic
zitcom,zit,sitcom
Euramerica,Europe,America
postcede,post,precede
mamarazzi,mama,paparazzi
Spander,Spike,Xander
solunar,solar,lunar
happenstance,happening,circumstance
teknival,techno,festival
mediocracy,mediocre,cracy
endectocide,endoparasite,ectoparasite
abend,abnormal,end
foodtography,food,photography
beditation,bed,meditation
swellegant,swell,elegant
mobisode,mobile,episode
stalkerazzi,stalker,paparazzi
Tinglish,Thai,English
e-tail,e,retail
musturbation,must,masturbation
Windross,Windows,dross
animutation,animation,mutation
wannarexic,wannabe,anorexic
Chlark,Chloe,Clark
exergame,exercise,game
iodozone,iodine,ozone
vibracious,vibrant,vivacious
purinoceptor,purinergic,receptor
flexisexual,flexible,sexual
parcelcopter,parcel,helicopter
Fayettenam,Fayetteville,Vietnam
Chiraq,Chicago,Iraq
grocerant,grocery,restaurant
metrosexual,metropolitan,heterosexual
cabrewing,canoeing,brewing
conrunner,convention,runner
bleg,blog,beg
corotron,corona,tron
bustaurant,bus,restaurant
stanine,standard,nine
amtrak,amphibious,tractor
PC-BSD,PC,BSD
triphibian,tri,amphibian
Sheriarty,Sherlock,Moriarty
insta-mom,instant,mom
throffer,threat,offer
slanguist,slang,linguist
Charlieplexing,Charlie,multiplexing
echoplex,echo,duplex
carcoon,car,cocoon
spornosexual,sport,porn
cyclobutannulation,cyclobutane,annulation
linguism,linguistic,ism
kegerator,keg,refrigerator
racenicity,race,ethnicity
Eurabia,Europe,Arabia
hipoisie,hip,bourgeoisie
brocialist,bro,socialist
bumfoolery,bum,tomfoolery
moredom,more,boredom
noseshot,nose,earshot
Californication,California,fornication
anticippointment,anticipation,disappointment
enemedia,enemy,media
diabulimia,diabetes,bulimia
brony,bro,pony
petronoia,petroleum,paranoia
misunderestimate,misunderstand,underestimate
libshit,liberal,shit
Dhallywood,Dhaka,Hollywood
voluntourism,volunteer,tourism
unlax,unwind,relax
notspot,not,hotspot
foodprint,food,footprint
helijet,helicopter,jet
renoviction,renovation,eviction
occulture,occult,culture
blipvert,blip,advert
stfzine,stf,zine
girus,giant,virus
Mad Lib,mad,ad lib
bestshoring,best,offshoring
puggle,pug,beagle
sexploitation,sex,exploitation
gorno,gore,porno
iceteroid,ice,asteroid
Mollywood,Malayalam,Hollywood
loopoid,loop,groupoid
howlback,howl,feedback
jetliner,turbojet,airliner
Hoaxocaust,hoax,Holocaust
religiofascist,religion,fascist
crocoduck,crocodile,duck
electret,electricity,magnet
devival,de,revival
postpend,post,prepend
dolocrete,dolomite,concrete
pinopsin,pineal,opsin
dockominium,dock,condominium
riot grrrl,girl,grr
promag,professional,magazine
Acroyoga,acrobatics,yoga
Mixter,mix,Mister
fo shizzle,for sure,izzle
Godcasting,God,podcasting
rumortism,rumor,rheumatism
yogasm,yoga,orgasm
fedge,fence,hedge
resel,resolution,element
santal,Santalum,piperonal
buttlegger,butt,bootlegger
scanties,scant,panties
cattitude,cat,attitude
Cocacolonization,Coca-Cola,colonization
shitizen,shit,citizen
adultescent,adult,adolescent
zorse,zebra,horse
parclo,partial,cloverleaf
flirtini,flirt,martini
Wiktionary,wiki,dictionary
snowbilly,snow,hillbilly
perxactly,precisely,exactly
malamic acid,malic,amic
treelogy,tree,trilogy
autogas,automotive,gasoline
shockumentary,shock,documentary
caplet,capsule,tablet
misogynoir,misogyny,noir
fluidram,fluid,dram
Breastapo,breast,Gestapo
pathetisad,pathetic,sad
Globish,global,English
amatoxin,amanita,toxin
pettipants,petticoat,pants
nitrox,nitrogen,oxygen
Calexit,California,exit
manscara,man,mascara
motorcade,motor,cavalcade
fatshionista,fat,fashionista
whiteanity,white,Christianity
bluenette,blue,brunette
bacover,back,cover
stiction,static,friction
floatel,float,hotel
newsjacking,news,hijacking
evilutionist,evil,evolutionist
drumstep,drum,dubstep
Ocicat,ocelot,cat
bullionaire,bullion,billionaire
isogram,isolated,pangram
femfan,female,fan
malestream,male,mainstream
parkade,park,arcade
barkitecture,bark,architecture
Chinglish,Chinese,English
sphingolipidome,sphingolipid,genome
netcronym,net,acronym
TrumpCare,Trump,healthcare
hydrolock,hydrostatic,lock
dout,do,out
dexify,defend,explain
Republocrat,Republican,Democrat
Pretendian,pretend,Indian
precariat,precarious,proletariat
subvertisement,subvert,advertisement
boylesque,boy,burlesque
lustmaking,lust,making
vingle,video,single
companding,compressing,expanding
crifanac,critical,fan
Christard,Christ,tard
Hotlanta,hot,Atlanta
blidget,blog,widget
buckypaper,buckyball,paper
failscade,fail,cascade
caipivodka,caipirinha,vodka
angertainment,anger,entertainment
eclection,eclectic,selection
meacock,meek,peacock
gayby boom,gay,baby boom
drunkorexia,drunk,anorexia
webisode,Web,episode
evilutionary,evil,evolutionary
meetaversary,meet,anniversary
crossplay,cross-dressing,cosplay
Konglish,Korean,English
Superwholock,supernatural,who
merby,men,derby
chortle,chuckle,snort
fancast,fan,broadcast
marketecture,market,architecture
chaosphere,chaos,sphere
podule,pod,module
netherverse,nether,universe
chemiloon,chemise,pantaloon
zoochosis,zoo,psychosis
metroplex,metropolitan,complex
Chrismahanukwanzakah,Christmas,Hanukkah
jackrabbit,jackass,rabbit
grolar,growl,polar
slacktivist,slack,activist
Romione,Ron,Hermione
borophene,boron,graphene
DEFCON,defense,condition
bimboy,bimbo,boy
middlescence,middle age,adolescence
pigopoly,pig,monopoly
framily,friend,family
Amtrak,American,track
scientificomic,scientifiction,comic
scientifilm,scientifiction,film
Calexico,California,Mexico
dateaversary,date,anniversary
stfantasy,stf,fantasy
fire whirl,fire,whirlwind
VORTAC,VOR,TACAN
vomitoxin,vomit,toxin
arabinonucleic,arabinose,nucleic
travelogue,travel,monologue
bashtag,bash,hashtag
contrail,condensation,trail
crapitalism,crap,capitalism
herstory,her,history
prostitot,prostitute,tot
ganjapreneur,ganja,entrepreneur
henny,horse,jenny
futch,femme,butch
blogebrity,blog,celebrity
spreadmart,spread,data mart
Wintel,Windows,Intel
nimber,nim,number
trichloromethyl,trichloro,methyl
scanxiety,scan,anxiety
Wellywood,Wellington,Hollywood
trequel,tri,sequel
para-hypotaxis,parataxis,hypotaxis
intrapreneurial,intra,entrepreneurial
graysexual,gray,asexual
hobohemian,hobo,bohemian
visioneering,vision,engineering
Taglish,Tagalog,English
electrocutioner,electrocution,executioner
Arabish,Arabic,English
godcast,God,podcast
treknobabble,Trek,technobabble
tandemocracy,tandem,democracy
chigger,chink,nigger
plumcot,plum,apricot
fuck-a-doodle-doo,fuck,cock-a-doodle-doo
cracktro,crack,intro
decaversary,decade,anniversary
brohawk,bro,Mohawk
anecdata,anecdotal,data
blackfold,black,manifold
malaphor,malapropism,metaphor
chigga,Chinese,nigga
nizzle,nigga,izzle
spim,spam,IM
nanozyme,nano,enzyme
Ebonics,ebony,phonics
booktuber,book,YouTuber
muconic,mucic,itaconic
pellistor,pellet,resistor
wholetail,wholesale,retail
politicide,political,cide
crunk,crazy,drunk
flagkini,flag,bikini
mafic,magnesium,ferric
Japanimation,Japan,animation
cinnamaldehyde,cinnamon,aldehyde
acupressure,acupuncture,pressure
eddress,e,address
slacktivism,slack,activism
webumentary,web,documentary
telemarketing,telephone,marketing
Incoterm,international,commerce
biketard,bike,leotard
belfie,butt,selfie
Muslimstan,Muslim,stan
sporgery,spam,forgery
bigature,big,miniature
plastiglomerate,plastic,conglomerate
guesstimate,guess,estimate
botel,boat,hotel
streetscaping,street,landscaping
maraging,martensitic,aging
Interpol,international,police
e-tailing,e,retailing
interpassive,interactive,passive
bleen,blue,green
veganniversary,vegan,anniversary
trishaw,tri,rickshaw
geekster,geek,hipster
moto-cross,motorcycle,cross-country
Tribeca,triangle,below
vajazzle,vagina,bedazzle
nuplex,nuclear,complex
bullycide,bully,suicide
Fannibal,fan,Hannibal
laplet,laptop,tablet
atomtronics,atom,electronics
commemorabilia,commemorate,memorabilia
frunk,front,trunk
prezackly,precisely,exactly
Drainbow,drain,rainbow
acquihire,acquire,hire
triniunity,trinity,unity
sial,Si,Al
re-up,re-enlist,sign up
ametrine,amethyst,citrine
bankster,banker,gangster
wegotism,we,egotism
uberveillance,uber,surveillance
chrominance,chroma,luminance
succubitch,succubus,bitch
selectorate,select,electorate
fictionary,fiction,dictionary
fembot,female,bot
computerlore,computer,folklore
blurse,blessing,curse
mockamole,mock,guacamole
ketamine,ketone,amine
hobohemia,hobo,bohemia
transwestite,transvestite,west
gynotician,gynecologist,politician
glasphalt,glass,asphalt
Ghallywood,Ghana,Hollywood
maximin,maximum,minimum
chromomagnetism,chromodynamics,magnetism
reflexicon,reflexive,lexicon
slunt,slut,cunt
mag book,magazine,book
medevac,medical,evacuation
cafetorium,cafeteria,auditorium
gravatar,globally,recognized
pugeranian,pug,Pomeranian
Jewfro,Jew,afro
femanon,female,anon
blacktag,black,hashtag
sexploiter,sex,exploiter
boatmobile,boat,bookmobile
clickjacking,click,hijacking
ethnocrat,ethnic,crat
Wimbleware,Wimbledon,Edgware
odderon,odd,pomeron
advertese,advertisement,ese
lymphocytotoxin,lymphocyte,toxin
reich-wing,Reich,right-wing
panendeism,panentheism,deism
trans-testicle,transsexual,testicle
invitro,invite,intro
affluential,affluent,influential